MO,TE,HU,WS,RR,Y
1,24.4,62,7,0,0
1,23,52,11,0,0
1,23.9,40,8,0,0
1,11,54,8,0,0
1,11,49,8,0,0
1,23.8,62,4,0,0
1,24.3,70,5,0,0
1,24.3,61,6,0,0
1,23.8,60,6,0,0
1,22.2,62,5,0,0
1,23.3,54,5,0,0
1,24.5,42,8,0,0
1,24.5,38,9,0,0
1,24.4,27,18,2,1
1,25.5,33,15,1,1
1,25.9,46,7,0,0
1,25.9,57,2,0,0
1,24.7,57,7,0,0
1,23.6,51,8,0,0
1,23.3,48,6,0,0
1,23.6,58,5,0,0
1,24.8,59,4,0,0
1,25,57,4,0,0
1,26.8,60,9,0,0
1,26.4,66,7,0,0
1,25.8,58,7,0,0
1,25.8,55,7,0,0
1,25.9,61,3,0,0
1,26.6,70,4,0,0
1,26.4,71,5,0,0
1,25.4,59,6,0,0
2,24.4,43,9,0,0
2,25.1,39,9,0,0
2,25.6,55,5,0,0
2,26.7,60,4,0,0
2,26.9,61,3,0,0
2,26.2,65,5,4,0
2,24.7,76,4,0,0
2,26.7,70,4,0,0
2,26.9,70,5,0,0
2,27.1,75,7,5,0
2,23.3,54,14,0,0
2,25.3,50,7,0,0
2,26.3,64,6,0,0
2,26.5,72,3,0,0
2,27.1,65,5,0,0
2,25.8,56,7,0,0
2,23.8,55,9,0,0
2,24.4,58,7,0,0
2,26,59,3,0,0
2,27,60,4,0,0
2,24.7,65,9,0,0
2,23.8,55,9,0,0
2,24.4,51,7,3,0
2,24.4,58,5,0,0
2,24.8,65,4,0,0
2,24.7,57,6,0,0
2,25.6,65,5,0,0
2,22.7,50,13,0,0
3,20.5,52,11,0,0
3,21.4,48,11,0,0
3,23.4,53,10,0,0
3,24.1,62,7,0,0
3,26.5,47,5,0,0
3,27,66,4,0,0
3,27.4,64,5,0,0
3,29.6,54,9,0,0
3,27.5,62,10,0,0
3,24.7,50,11,0,0
3,26.8,55,8,0,0
3,27.3,70,5,0,0
3,26.2,70,3,0,0
3,25.9,71,6,0,0
3,25.2,64,9,2,0
3,24.1,62,7,0,0
3,24.1,68,7,0,0
3,24.9,63,7,0,0
3,25.3,51,8,0,0
3,26.2,58,4,0,0
3,27.7,62,6,0,0
3,27.1,62,9,0,0
3,25.4,53,7,0,0
3,25.1,68,6,0,0
3,25.2,46,10,0,0
3,25.1,56,10,0,0
3,23.8,49,12,2,0
3,23.6,54,9,0,0
3,22.9,54,11,0,0
3,23.2,41,9,0,0
3,25.1,39,8,0,0
4,25.5,49,6,0,0
4,26.6,59,5,0,0
4,25.6,60,5,0,0
4,25.2,61,33,5,1
4,26.3,55,7,0,0
4,26.2,51,7,0,0
4,28,45,4,0,0
4,28.5,56,6,0,0
4,26.9,63,9,0,0
4,25.1,57,9,0,0
4,24.9,72,6,0,0
4,27.9,50,5,0,0
4,29.4,42,3,0,0
4,30.4,33,5,0,0
4,28.9,56,9,0,0
4,27.7,51,11,0,0
4,26.6,45,8,39.2,1
4,27.4,52,7,4,0
4,29,49,6,0,0
4,28.2,58,4,0,0
4,27.9,60,6,0,0
4,26.9,69,4,0,0
4,29.4,53,4,0,0
4,31.4,37,3,0,0
4,30.4,45,5,0,0
4,29,61,8,0,0
4,28.4,70,6,2,0
4,28.5,62,5,0,0
4,28.9,72,4,0,0
4,30.3,40,5,0,0
5,29.2,56,7,0,0
5,28.4,62,7,0,0
5,29.9,60,5,0,0
5,33.3,45,10,0,0
5,32.6,45,9,0,0
5,30.1,60,8,0,0
5,29.7,65,8,0,0
5,29.1,66,8,0,0
5,28.6,66,9,0,0
5,28.4,62,11,0,0
5,27.6,56,11,1,0
5,28.5,51,12,0,0
5,28.5,47,10,0,0
5,29.8,50,10,0,0
5,28.4,54,9,0,0
5,29.3,52,8,5,0
5,29.6,56,6,0,0
5,30.1,51,6,0,0
5,30.5,57,4,0,0
5,32.1,42,6,0,0
5,30.9,49,7,0,0
5,30.3,50,6,0,0
5,31.1,51,9,0,0
5,31.1,42,11,0,0
5,29.5,42,8,0,0
5,29,60,7,0,0
5,29.4,52,7,0,0
5,30,57,10,0,0
5,30.4,37,13,0,0
5,29,53,9,0,0
5,28.9,55,7,0,0
6,29.3,57,8,0,0
6,29.7,62,6,0,0
6,31.2,55,5,0,0
6,32.1,53,4,6,0
6,32.4,47,6,0,0
6,30.7,62,6,0,0
6,33.6,41,7,0,0
6,34.1,40,8,0,0
6,32.7,49,6,0,0
6,33.1,48,5,0,0
6,32.9,46,4,0,0
6,33.1,37,5,0,0
6,32.1,55,6,0,0
6,32.8,54,8,0,0
6,32.9,51,6,0,0
6,31.9,54,4,0,0
6,31.9,57,5,0,0
6,31.7,53,8,0,0
6,32.8,49,8,0,0
6,32.8,52,7,0,0
6,32.4,51,8,0,0
6,31.7,59,8,0,0
6,31.9,60,8,0,0
6,30.7,65,5,0,0
6,33.4,36,6,0,0
6,34,31,5,3,0
6,32.7,53,8,0,0
6,32.9,55,11,0,0
6,31.8,65,9,0,0
6,32.3,60,4,0,0
7,32.5,67,4,0,0
7,34.4,68,5,0,0
7,32.3,68,5,0,0
7,32.2,60,6,0,0
7,32.9,48,8,0,0
7,32.1,49,8,0,0
7,32.5,43,8,0,0
7,30.6,66,3,0,0
7,31,71,4,0,0
7,32.5,62,5,1,0
7,33.5,55,5,0,0
7,33.7,48,6,0,0
7,34.2,44,6,0,0
7,33.2,41,7,0,0
7,33.6,44,8,0,0
7,32.5,51,7,0,0
7,32,50,6,0,0
7,32.8,35,5,0,0
7,33.3,34,4,0,0
7,34.1,47,4,0,0
7,34.6,44,6,0,0
7,34.5,44,8,0,0
7,35.1,42,8,0,0
7,35.3,43,9,0,0
7,34.5,48,6,0,0
7,33.1,51,5,0,0
7,34.3,51,7,1,0
7,34.2,37,6,0,0
7,33.8,40,5,0,0
7,34.2,30,5,0,0
7,33.3,49,8,0,0
8,32.9,59,6,0,0
8,33.4,48,7,0,0
8,34.9,42,8,0,0
8,34.4,44,7,0,0
8,34.2,36,8,0,0
8,34,48,8,0,0
8,32.8,65,9,0,0
8,33.7,58,9,0,0
8,33.2,52,8,0,0
8,33.4,53,10,0,0
8,33.2,54,10,10,0
8,33.2,53,9,0,0
8,33,54,9,0,0
8,32.7,56,9,0,0
8,32.5,61,10,0,0
8,33.3,63,8,0,0
8,32.3,59,6,0,0
8,33.2,55,8,0,0
8,32.4,60,8,0,0
8,33.4,65,7,0,0
8,32.7,70,5,0,0
8,34.3,55,9,0,0
8,34.5,57,7,0,0
8,33.7,60,7,0,0
8,33.4,62,7,0,0
8,33.6,69,10,1,0
8,32.9,70,5,0,0
8,33.2,67,5,0,0
8,33.6,62,9,0,0
8,34.2,55,10,0,0
8,33,64,8,0,0
9,32.2,64,9,0,0
9,31.6,66,7,0,0
9,31.8,62,9,0,0
9,31.8,66,9,0,0
9,32.2,59,8,0,0
9,31.7,56,7,0,0
9,30.9,45,9,0,0
9,31.1,53,8,0,0
9,30.2,52,11,0,0
9,31.6,55,10,0,0
9,31.7,55,5,0,0
9,33.6,44,6,0,0
9,33.6,37,9,0,0
9,32,66,6,0,0
9,31,71,5,0,0
9,30.3,79,4,0,0
9,30.5,76,4,0,0
9,30.9,71,6,0,0
9,30.9,65,5,0,0
9,31.4,58,5,0,0
9,31.1,60,9,0,0
9,31.2,64,8,0,0
9,31.1,71,5,0,0
9,30.5,77,5,0,0
9,31,71,11,0,0
9,30.4,77,4,0,0
9,20.5,72,5,0,0
9,31,72,7,0,0
9,30.8,72,5,0,0
9,31.3,70,9,0,0
10,30.9,57,10,0,0
10,30.9,62,8,0,0
10,32.2,65,10,0,0
10,32.1,62,5,0,0
10,32.3,60,8,0,0
10,31.4,56,40,6,1
10,29.8,71,9,0,0
10,29.5,61,8,0,0
10,29.4,56,7,0,0
10,29.7,62,5,0,0
10,29.7,70,5,0,0
10,29.2,78,5,0,0
10,29.5,68,4,0,0
10,30.2,67,6,0,0
10,31.4,50,5,0,0
10,30.5,43,5,0,0
10,29.8,52,4,0,0
10,30.3,53,3,0,0
10,30.6,64,4,0,0
10,30.9,67,4,0,0
10,30.9,66,4,0,0
10,29.5,65,4,0,0
10,29.5,62,5,0,0
10,29.5,62,4,0,0
10,29.7,61,4,0,0
10,30.7,60,4,0,0
10,29.8,65,5,0,0
10,30.1,67,4,0,0
10,29.9,68,4,0,0
10,29.7,64,5,0,0
10,29.3,67,4,0,0
11,29.3,70,7,0,0
11,29.3,63,6,43,1
11,29.1,45,9,0,0
11,28.7,50,8,0,0
11,28.4,61,6,0,0
11,29.4,62,4,35.9,1
11,29.2,61,3,0,0
11,29.4,62,4,0,0
11,29.7,61,4,0,0
11,28.5,76,5,0,0
11,28.2,77,5,0,0
11,27.9,74,4,0,0
11,28.1,75,5,0,0
11,28,69,5,0,0
11,27.2,76,4,12.8,1
11,27.1,75,3,34,1
11,27.3,71,5,79,1
11,26.6,59,8,0,0
11,25.6,62,6,0,0
11,26.5,64,5,0,0
11,27.2,65,5,0,0
11,27.8,64,5,19.8,1
11,27.8,70,4,0,0
11,28.4,72,7,0,0
11,25.5,84,7,70,1
11,25.7,75,5,0,0
11,24.3,76,7,0,0
11,24.2,65,5,0,0
11,25.6,56,9,0,0
11,26.6,49,5,0,0
12,26.4,67,3,21.4,1
12,26,80,5,14,1
12,26.6,73,4,0,0
12,26.7,75,6,0,0
12,26.7,72,5,0,0
12,25.9,70,6,0,0
12,24.7,69,7,0,0
12,23.4,54,9,0,0
12,25.3,50,7,0,0
12,25.2,66,6,0,0
12,24,67,8,0,0
12,23.6,51,9,0,0
12,23.5,59,8,0,0
12,23,63,5,0,0
12,23.6,72,4,0,0
12,24.6,72,5,0,0
12,25.6,76,4,0,0
12,24.3,68,7,0,0
12,24.7,46,8,0,0
12,26.6,59,4,0,0
12,27.5,64,2,0,0
12,26.4,76,4,6.3,1
12,22.9,76,3,0,0
12,22.7,65,4,0,0
12,25,53,6,33,1
12,25.6,63,3,0,0
12,25.6,69,4,0,0
12,25.9,61,1,0,0
12,25.3,69,2,0,0
12,24.5,72,3,42.5,1
12,23.9,63,5,33,1
1,24.2,54,6,0,0
1,25.9,42,5,0,0
1,24.6,55,4,0,0
1,25.4,62,4,0,0
1,25.2,70,4,0,0
1,27,47,6,0,0
1,27.1,26,8,0,0
1,27.7,83,7,0,0
1,26.5,36,7,67,1
1,24.1,41,2,0,0
1,23,53,2,0,0
1,23.6,71,4,0,0
1,25.8,70,8,0,0
1,25.9,75,3,0,0
1,25.7,69,3,0,0
1,25.9,67,4,0,0
1,26.6,71,7,56,1
1,28,63,11,0,0
1,24.9,60,6,0,0
1,23.6,68,8,0,0
1,22.6,60,9,0,0
1,22.1,70,5,0,0
1,22.7,66,5,0,0
1,23.2,55,5,0,0
1,22.8,52,6,0,0
1,22.7,52,5,0,0
1,24.4,55,4,0,0
1,24.7,70,4,38,1
1,25,74,4,0,0
1,25.6,73,4,0,0
1,27.5,76,5,0,0
2,27.7,65,5,0,0
2,26,72,3,0,0
2,25.1,73,4,0,0
2,22.3,62,7,0,0
2,20.2,61,7,0,0
2,19.8,60,6,0,0
2,20.7,50,7,0,0
2,22,57,2,0,0
2,22.8,63,4,0,0
2,22.8,58,4,0,0
2,24.8,59,3,0,0
2,26.4,67,4,0,0
2,26.7,71,3,10,0
2,26.6,67,2,15,1
2,26.2,75,4,0,0
2,26.4,76,5,0,0
2,26.7,74,3,0,0
2,26.9,72,3,0,0
2,26.7,68,3,0,0
2,25.5,76,5,0,0
2,25.1,81,1,0,0
2,26,76,3,0,0
2,26.5,75,3,0,0
2,25.5,73,4,0,0
2,25.6,71,4,0,0
2,24.8,59,8,0,0
2,22.5,45,5,0,0
2,22.4,50,6,0,0
3,22.8,59,3,0,0
3,23.1,63,6,0,0
3,23.5,66,5,0,0
3,24.6,69,6,0,0
3,26.4,63,6,0,0
3,26.1,66,3,0,0
3,27.6,59,3,0,0
3,27.6,58,4,0,0
3,28.1,63,4,0,0
3,28.1,60,3,0,0
3,27.2,56,6,0,0
3,28,63,6,0,0
3,29.4,51,6,0,0
3,29.9,40,9,0,0
3,30.2,35,8,0,0
3,28.8,44,3,0,0
3,27.5,67,3,0,0
3,26.2,74,7,0,0
3,25.9,70,11,0,0
3,26.1,72,9,0,0
3,26.4,64,10,0,0
3,27.4,68,6,0,0
3,27.5,73,5,0,0
3,28.1,62,4,0,0
3,26.2,54,5,0,0
3,25.9,56,9,0,0
3,24.2,53,4,0,0
3,24.2,58,5,0,0
3,24.5,66,6,0,0
3,24.6,70,8,0,0
3,25.5,65,9,0,0
4,26.9,66,7,0,0
4,28.5,65,4,0,0
4,30.2,59,5,0,0
4,33.3,48,9,0,0
4,31.7,40,5,0,0
4,30.3,53,2,0,0
4,29.4,62,3,0,0
4,28.8,71,7,0,0
4,28.2,58,10,0,0
4,29.3,65,7,0,0
4,30.1,62,4,0,0
4,30.2,66,5,0,0
4,28.9,61,10,0,0
4,27.5,56,8,0,0
4,26.5,61,7,0,0
4,27.8,58,5,0,0
4,29.6,69,7,43,1
4,28.1,65,8,0,0
4,27.3,60,8,0,0
4,30.2,43,29,5,0
4,31.2,46,4,0,0
4,30,52,7,0,0
4,27.7,45,9,0,0
4,26.8,57,7,0,0
4,28.6,60,5,0,0
4,30.2,55,5,0,0
4,31.2,53,3,0,0
4,31.2,57,5,0,0
4,31,56,6,0,0
4,29.2,65,8,0,0
5,30.9,58,6,0,0
5,29.8,59,8,0,0
5,28.8,51,10,0,0
5,27.6,58,9,0,0
5,27.6,61,5,0,0
5,28.1,54,5,0,0
5,27.9,51,5,0,0
5,27.6,67,4,0,0
5,28.6,54,4,0,0
5,30.9,35,7,0,0
5,31.9,42,7,0,0
5,32.3,56,5,0,0
5,31.2,61,6,0,0
5,31.7,51,6,0,0
5,29.3,47,6,0,0
5,29.1,64,4,0,0
5,31.6,51,5,0,0
5,34.3,44,7,0,0
5,31.7,40,8,0,0
5,30.6,69,10,0,0
5,30.4,66,10,0,0
5,29.7,70,8,0,0
5,31.4,58,9,0,0
5,29.7,59,10,0,0
5,29.2,64,8,0,0
5,29.3,68,5,0,0
5,26.6,68,5,0,0
5,30.8,63,8,0,0
5,30.6,59,11,0,0
5,30.5,57,8,0,0
5,31.7,47,8,0,0
6,31.5,55,7,0,0
6,33,50,7,0,0
6,32.3,51,6,0,0
6,32.4,61,8,0,0
6,33.4,51,7,0,0
6,31.2,60,5,0,0
6,31.2,54,5,0,0
6,30.9,60,5,0,0
6,31.8,66,7,0,0
6,32,54,11,0,0
6,31.8,55,8,0,0
6,33.7,39,7,0,0
6,33.7,41,8,0,0
6,32.7,48,10,0,0
6,32,50,10,0,0
6,31.6,59,8,0,0
6,31.8,55,6,0,0
6,32.6,54,6,0,0
6,33.6,49,9,0,0
6,34.1,47,9,0,0
6,37.1,42,8,0,0
6,37.9,31,9,0,0
6,34.2,53,4,0,0
6,36.3,46,6,0,0
6,32.1,52,5,0,0
6,32,59,8,0,0
6,30.3,58,9,0,0
6,30.1,69,6,0,0
6,31.1,70,3,0,0
6,32.4,57,4,0,0
7,31.7,62,7,0,0
7,32.6,58,7,0,0
7,32.3,50,8,0,0
7,33.3,47,7,0,0
7,33.9,45,8,0,0
7,34.4,48,9,0,0
7,34.2,49,9,0,0
7,33.5,58,7,0,0
7,33,66,8,0,0
7,32.8,72,3,0,0
7,32.3,63,8,7.2,0
7,32.9,58,8,0,0
7,33.8,58,5,0,0
7,34.5,62,7,0,0
7,34.4,57,12,0,0
7,35.3,54,7,0,0
7,35,54,6,0,0
7,34.4,57,7,0,0
7,34.6,48,6,0,0
7,33,56,5,0,0
7,31.8,65,6,0,0
7,31.4,64,3,0,0
7,33.6,55,4,0,0
7,34.7,46,4,0,0
7,34,46,5,0,0
7,34.5,35,6,8.8,0
7,34.3,48,6,0,0
7,32.9,59,4,0,0
7,34.4,57,6,0,0
7,34.5,54,7,0,0
7,34.7,55,5,0,0
8,35.2,45,7,0,0
8,34.7,55,5,0,0
8,34.8,52,7,0,0
8,34.8,42,6,0,0
8,34.4,47,5,0,0
8,35.1,41,7,0,0
8,35.7,50,8,0,0
8,34.2,63,4,0,0
8,34.4,67,5,0,0
8,34.1,68,6,0,0
8,34.1,69,5,0,0
8,34.6,60,7,0,0
8,34.7,52,6,0,0
8,34.2,58,6,0,0
8,34.2,70,5,0,0
8,34.2,62,6,0,0
8,34.8,55,5,0,0
8,34.1,67,5,0,0
8,34.1,63,5,0,0
8,35.5,67,4,0,0
8,34.7,66,3,0,0
8,33.4,71,3,0,0
8,34,65,7,0,0
8,34.6,62,5,0,0
8,33.6,59,5,0,0
8,33.8,64,6,0,0
8,33.6,61,5,0,0
8,34.1,56,7,0,0
8,33.6,62,6,0,0
8,33.8,58,6,0,0
8,33.6,61,5,0,0
9,33.4,58,5,0,0
9,32,64,6,0,0
9,32,68,8,0,0
9,32.6,63,6,0,0
9,31.9,67,7,0,0
9,32.6,62,7,0,0
9,32,70,3,0,0
9,32.6,67,6,0,0
9,32.5,67,6,0,0
9,32.8,62,7,0,0
9,32.4,49,8,0,0
9,31.6,63,6,0,0
9,31.3,73,5,0,0
9,32.1,71,6,0,0
9,31.2,70,7,0,0
9,30.7,71,7,0,0
9,31,73,6,0,0
9,30.5,76,5,0,0
9,30.8,74,6,0,0
9,31.5,70,5,0,0
9,32,66,5,2.2,0
9,32.4,65,5,0,0
9,31.7,67,4,0,0
9,30.6,65,3,0,0
9,30.6,67,4,0,0
9,31.2,62,5,0,0
9,30.9,69,5,0,0
9,32.1,72,5,0,0
9,30.5,79,4,0,0
9,30.7,71,4,0,0
10,30.7,67,5,0,0
10,30.9,68,5,0,0
10,31.8,65,3,0,0
10,32.1,62,6,0,0
10,32.1,63,6,0,0
10,31.7,68,3,0,0
10,31.7,66,4,0,0
10,32.2,66,4,0,0
10,31.3,74,6,0,0
10,32.1,60,7,0,0
10,31.3,63,8,0,0
10,31.7,58,9,0,0
10,32.2,65,8,0,0
10,31.2,61,5,0,0
10,31.1,61,3,0,0
10,31,65,3,0,0
10,29.8,73,4,0,0
10,30.7,66,3,0,0
10,32.3,55,5,0,0
10,32.8,39,6,15,1
10,31.8,44,4,0,0
10,31.4,43,5,0,0
10,30.7,57,3,0,0
10,29.1,63,3,0,0
10,29.7,63,2,0,0
10,30.1,66,5,0,0
10,29.2,65,3,0,0
10,29.6,52,3,0,0
10,29.4,66,5,0,0
10,30.1,67,3,0,0
10,29.1,68,4,0,0
11,29,66,5,0,0
11,29.2,67,6,0,0
11,29.5,62,4,34.2,1
11,29.7,64,5,0,0
11,30.3,62,4,0,0
11,29.3,58,3,0,0
11,28.5,57,3,56,1
11,28.3,69,3,0,0
11,28.8,59,3,0,0
11,28.6,53,4,0,0
11,30.5,35,9,16,1
11,28.5,49,3,0,0
11,29.2,55,3,0,0
11,28.9,56,3,16.6,1
11,29.4,61,3,0,0
11,28.8,58,5,60.6,1
11,28.6,62,5,17.6,1
11,27.6,50,4,0,0
11,28.8,48,2,0,0
11,29,56,3,0,0
11,28.8,53,4,68,1
11,28.2,54,5,15.4,1
11,28.1,46,4,0,0
11,29.4,43,6,0,0
11,28.6,50,3,0,0
11,28.6,56,2,0,0
11,28.6,57,4,0,0
11,29.7,43,8,39,1
11,28.7,28,5,0,0
11,29,26,6,0,0
12,27.6,30,7,13.8,1
12,26.7,33,4,23,1
12,25.8,51,4,0,0
12,25.7,42,5,33.4,1
12,25.1,52,5,0,0
12,24.7,53,3,0,0
12,25,54,4,0,0
12,25.2,60,2,0,0
12,25.3,64,4,0.6,1
12,24.8,64,6,0,0
12,24.8,57,4,0,0
12,24.1,57,4,0,0
12,22.9,48,12,0,0
12,24.3,43,7,0,0
12,25.3,69,2,0,0
12,26.8,67,3,0,0
12,27.3,68,3,0,0
12,27.9,70,3,0,0
12,26.5,68,6,0,0
12,26.2,63,4,0,0
12,26.8,55,4,0,0
12,26.2,58,4,0,0
12,25.6,55,4,0,0
12,25.2,75,4,0,0
12,25.7,57,6,32,1
12,25.5,60,4,0,0
12,26.3,52,4,0,0
12,26.4,52,4,0,0
12,23.9,67,5,24,1
12,23.3,72,11,41,1
12,21.5,68,5,0,0
1,23.2,62,5,0,0
1,24.3,71,4,0,0
1,25.2,75,2,0,0
1,25.7,76,6,2,1
1,24.9,71,5,0,0
1,24.4,62,8,0,0
1,24.2,66,8,0,0
1,24.1,57,9,0,0
1,22.9,55,9,0,0
1,23.9,41,10,0,0
1,23.7,41,4,0,0
1,24,56,6,0,0
1,23.8,75,3,2.5,1
1,26,73,12,15,1
1,21.4,70,10,29.2,1
1,19.9,65,8,0,0
1,20.8,58,6,0,0
1,20.7,63,5,0,0
1,20.8,49,8,0,0
1,20.8,51,6,0,0
1,21.1,56,4,0,0
1,22.7,66,3,0,0
1,24.5,58,6,0,0
1,25,68,4,0,0
1,25.1,81,6,8.2,1
1,22.9,87,4,19,1
1,22.8,74,5,0,0
1,24.2,71,5,0,0
1,24.3,74,3,0,0
1,24.2,76,3,0,0
1,22.8,69,6,0,0
2,21.7,63,5,0,0
2,21.8,64,3,0,0
2,23,61,7,0,0
2,25.3,48,5,0,0
2,26,64,4,0,0
2,26.2,64,4,0,0
2,26.1,69,3,0,0
2,25.8,78,8,0,0
2,23.5,62,6,0,0
2,22.2,63,5,0,0
2,21.8,59,8,0,0
2,22.4,49,8,0,0
2,22.5,46,8,0,0
2,21.3,50,7,0,0
2,21.8,54,5,0,0
2,23.1,64,3,0,0
2,23.3,58,20,9,0
2,24.2,57,4,0,0
2,25.2,67,3,0,0
2,25.4,73,5,0,0
2,24.5,55,8,0,0
2,24.2,63,4,0,0
2,25.3,65,4,0,0
2,26.6,69,5,0,0
2,26.6,69,4,0,0
2,26,71,5,0,0
2,25,67,6,0,0
2,24.7,67,7,0,0
3,24.1,62,6,0,0
3,25.3,56,6,0,0
3,25.7,59,4,0,0
3,25.8,65,4,0,0
3,26.1,69,4,0,0
3,26.2,65,5,0,0
3,26.4,67,3,0,0
3,27.4,68,9,0,0
3,26.4,61,7,0,0
3,25.2,48,11,0,0
3,23.7,48,10,0,0
3,24.1,59,10,0,0
3,22.7,44,11,0,0
3,24.8,38,15,0,0
3,26.7,32,18,0,0
3,24.7,39,15,0,0
3,22.8,60,8,0.5,0
3,25.4,56,6,0,0
3,26.2,63,5,0,0
3,26.9,61,3,0,0
3,28,57,5,0,0
3,27.1,55,6,0,0
3,25.7,60,10,0,0
3,25,53,10,0,0
3,22.8,57,13,0,0
3,24.1,43,11,0,0
3,25.2,58,8,0,0
3,25,66,8,13,0
3,25.1,69,7,0,0
3,26.4,66,5,0,0
3,26.5,65,4,0,0
4,27.8,61,4,0,0
4,28.2,59,5,0,0
4,28.5,59,7,0,0
4,27.1,62,9,0,0
4,25.6,54,11,0,0
4,21.7,48,10,0,0
4,24.6,51,9,0,0
4,26.3,42,8,0,0
4,26.9,48,7,0,0
4,26.7,44,11,0,0
4,25.6,55,8,0,0
4,26.7,50,9,0,0
4,26.9,47,9,28,1
4,26.8,60,8,0,0
4,26.9,65,9,0,0
4,28.1,56,6,0,0
4,29.8,61,5,38,1
4,30.7,52,5,0,0
4,32,49,8,0,0
4,30.6,59,5,0,0
4,28.3,64,8,0,0
4,28.8,54,8,0,0
4,28.7,57,7,0,0
4,28,61,10,0,0
4,27.1,49,9,0,0
4,27,47,8,0,0
4,27.2,61,8,0,0
4,30,51,6,0,0
4,32.2,43,11,0,0
4,29.3,56,12,0,0
5,26.4,47,10,0,0
5,27.4,64,7,0,0
5,30.2,49,6,0,0
5,30.5,42,5,0,0
5,30.9,40,5,0,0
5,30.9,33,5,0,0
5,31.3,34,6,0,0
5,30,58,8,0,0
5,29.1,59,9,0,0
5,29.7,57,8,0,0
5,29.8,40,10,0,0
5,29,55,9,0,0
5,30.6,63,9,0,0
5,28.4,53,10,0,0
5,27.7,44,10,0,0
5,27.3,54,9,0,0
5,28.7,50,8,0,0
5,29.8,54,8,0,0
5,29.2,52,9,0,0
5,29.1,58,5,0,0
5,32,52,7,0,0
5,33.8,48,9,0,0
5,31.8,55,7,0,0
5,31.1,64,5,0,0
5,29.9,62,6,0,0
5,37.4,55,6,0,0
5,31.4,53,6,0,0
5,30.1,60,7,0,0
5,30.3,64,7,0,0
5,30.2,57,10,0,0
5,31,53,10,0,0
6,30.9,53,10,0,0
6,29.4,56,8,0,0
6,30.3,59,9,0,0
6,30.2,57,9,0,0
6,30.9,57,10,0,0
6,31.5,51,9,0,0
6,31,63,6,0,0
6,31.8,67,7,0,0
6,31.5,61,9,0,0
6,32,53,8,0,0
6,30.8,62,7,0,0
6,31.2,53,8,0,0
6,29.5,65,6,0,0
6,30.5,59,8,0,0
6,30.2,52,9,0,0
6,30.2,54,8,0,0
6,29.4,65,9,0,0
6,30.3,74,7,0,0
6,30.5,67,9,0,0
6,30.9,62,7,0,0
6,31.6,62,6,0,0
6,32.1,60,8,0,0
6,33.3,50,8,0,0
6,32.5,55,9,0,0
6,32.8,50,8,0,0
6,33.6,47,9,0,0
6,33.5,35,9,0,0
6,32.1,38,8,0,0
6,31.5,43,9,0,0
6,31.8,42,8,0,0
7,31.7,52,7,0,0
7,32.9,49,7,0,0
7,32.4,47,8,0,0
7,33.4,41,8,0,0
7,33.8,41,7,0,0
7,32.7,49,5,0,0
7,33.8,47,7,0,0
7,33.6,50,9,0,0
7,32.7,62,8,0,0
7,34.4,53,8,0,0
7,34.2,52,6,0,0
7,34.1,56,7,0,0
7,34.3,42,9,0,0
7,33.8,45,9,0,0
7,33.3,55,8,0,0
7,32.8,66,6,0,0
7,32.2,59,8,0,0
7,31.8,53,4,0,0
7,33.6,45,5,0,0
7,34.4,34,6,0,0
7,35.5,28,5,0,0
7,35,37,5,0,0
7,34.6,42,5,0,0
7,34.8,48,5,0,0
7,34.3,55,5,0,0
7,34.1,56,10,0,0
7,34.8,49,9,0,0
7,34.6,58,5,0,0
7,34.5,59,4,0,0
7,35,58,7,0,0
7,36.2,47,9,0,0
8,35.9,51,8,0,0
8,33.2,69,5,0,0
8,33.7,58,8,0,0
8,35.1,54,8,0,0
8,33.8,58,7,0,0
8,32.9,70,8,0,0
8,33.8,59,7,0,0
8,34.4,54,6,0,0
8,34.1,53,7,0,0
8,33.4,55,6,0,0
8,33.8,45,6,0,0
8,33.4,36,7,0,0
8,33,47,7,0,0
8,33.9,49,9,0,0
8,33.3,48,10,0,0
8,32.3,53,9,0,0
8,32.8,59,8,0,0
8,31.6,63,6,0,0
8,31.9,61,9,0,0
8,31.9,57,7,0,0
8,32.7,46,7,0,0
8,33.4,38,10,0,0
8,34.2,52,11,0,0
8,33.3,55,8,0,0
8,33.6,52,8,0,0
8,32.8,57,8,0,0
8,32,64,7,0,0
8,33.3,57,6,0,0
8,31.9,68,7,0,0
8,32.6,56,8,0,0
8,32,54,7,0,0
9,31.9,54,9,0,0
9,31,54,7,0,0
9,30.9,60,7,0,0
9,31.8,54,7,0,0
9,31.8,54,9,0,0
9,31.9,52,9,0,0
9,31.9,57,7,0,0
9,32.9,49,6,0,0
9,34,40,8,0,0
9,32.7,43,10,0,0
9,32.2,53,11,0,0
9,32.5,47,7,0,0
9,32.4,38,7,0,0
9,32.8,43,8,0,0
9,32,51,7,0,0
9,31.8,65,7,0,0
9,31.4,68,8,0,0
9,32.5,49,7,0,0
9,32.2,49,8,0,0
9,31.7,50,8,0,0
9,31.2,57,9,0,0
9,30.8,63,6,0,0
9,30.9,63,6,0,0
9,31.1,51,7,0,0
9,31.4,55,10,0,0
9,31.4,54,8,0,0
9,30.2,71,6,0,0
9,30.1,67,6,0,0
9,30.9,70,5,0,0
9,31.5,73,5,0,0
10,31.2,63,7,0,0
10,31.5,65,6,30,1
10,31,70,5,0,0
10,31.4,67,5,0,0
10,30.7,68,6,0,0
10,30.6,71,7,0,0
10,30,77,6,0,0
10,29.7,72,5,0,0
10,30.2,70,6,0,0
10,29.6,76,3,0,0
10,29.4,75,4,0,0
10,29.3,70,4,0,0
10,29.1,73,5,0,0
10,30,67,4,0,0
10,30,67,5,0,0
10,30.1,61,6,0,0
10,30.1,69,7,0,0
10,29.8,71,6,0,0
10,29.5,60,5,0,0
10,29.3,67,6,0,0
10,29.1,72,5,0,0
10,28.6,70,5,0,0
10,29.4,71,5,0,0
10,29.7,60,5,0,0
10,30,52,6,0,0
10,29.3,63,6,0,0
10,29.2,64,5,0,0
10,28.7,66,6,0,0
10,28.9,58,7,41.4,1
10,28.7,46,9,0,0
10,27.9,52,10,0,0
11,26.7,53,8,0,0
11,26.6,55,8,0,0
11,27.4,59,5,0,0
11,26.9,66,5,0,0
11,27.5,65,6,0,0
11,27,58,7,53,1
11,26.9,51,9,0,0
11,28,45,8,0,0
11,28.4,50,5,14.2,1
11,28.2,58,6,0,0
11,28.8,63,5,0,0
11,28.4,61,7,0,0
11,27.4,65,6,0,0
11,27.6,53,5,38.8,1
11,27.5,57,6,19.9,1
11,26.5,51,9,0,0
11,26.1,57,8,0,0
11,26.2,62,7,34,1
11,25.8,65,7,0,0
11,24.8,60,9,0,0
11,23.5,57,7,0,0
11,22.8,55,7,21,1
11,25.8,45,10,16,1
11,25.8,44,8,0,0
11,24.6,54,6,0,0
11,23.2,59,6,0,0
11,22.9,53,6,0,0
11,22.3,53,6,4.6,1
11,21.7,55,8,0,0
11,22.1,40,11,0,0
12,22.3,45,6,27.6,1
12,23.2,55,6,0,0
12,23.7,61,7,0,0
12,24.7,42,7,13,1
12,26.5,33,7,0,0
12,26.2,44,6,0,0
12,25.5,59,7,25,1
12,25.7,65,7,0,0
12,25.4,70,7,0,0
12,24.7,70,7,0,0
12,25.1,67,6,0,0
12,27.3,32,8,0,0
12,26.2,41,6,0,0
12,25,55,4,0,0
12,25.6,68,4,0,0
12,25.7,65,8,0,0
12,25.1,63,6,0,0
12,25.6,60,5,0,0
12,26.2,54,4,0,0
12,26.1,56,5,28,1
12,25.1,56,4,0,0
12,25.6,65,5,0,0
12,25.8,69,4,0,0
12,25.2,68,6,0,0
12,24.8,65,9,34,1
12,23.5,60,8,0,0
12,23.7,61,7,34,1
12,23.1,64,5,0,0
12,23.7,66,4,0,0
12,24.8,71,4,0,0
12,26.6,72,6,0,0
1,25.7,78,7,0,0
1,23.5,62,10,38.8,1
1,22.3,61,7,0,0
1,23.3,65,6,0,0
1,23.8,67,5,0,0
1,23.7,63,5,0,0
1,24.3,67,5,0,0
1,24.8,68,7,27,1
1,23.7,57,9,0,0
1,22.9,59,8,0,0
1,23.2,66,8,0,0
1,22.5,56,11,0,0
1,21.8,56,11,0,0
1,20.2,50,9,0,0
1,21.9,38,8,0,0
1,20.4,61,6,0,0
1,21,57,7,0,0
1,21.4,54,6,0,0
1,21.4,56,7,0,0
1,20.8,57,9,23,1
1,21,36,13,0,0
1,20.2,45,10,0,0
1,19.4,55,9,0,0
1,21.6,46,9,0,0
1,22.2,57,5,0,0
1,24.5,68,5,0,0
1,30,71,2,28,1
1,22.5,57,10,0,0
1,22.2,61,8,48,1
1,24.5,63,8,34,1
1,27.7,66,16,0,0
2,26,67,16,0,0
2,22.4,42,9,15,0
2,24.8,45,9,0,0
2,25.5,45,5,0,0
2,25.5,46,5,0,0
2,26.5,55,5,0,0
2,28,58,9,0,0
2,27.7,70,8,0,0
2,26.6,72,7,0,0
2,25.4,73,8,0,0
2,24.9,69,8,0,0
2,25.2,69,6,0,0
2,25.7,66,5,0,0
2,26.4,61,6,0,0
2,26.8,65,6,0,0
2,27.2,63,8,0,0
2,24.7,66,9,0,0
2,22.1,53,12,0,0
2,21.9,53,10,0,0
2,24,54,9,0,0
2,25.3,53,7,16,1
2,25.3,57,5,0,0
2,26.4,54,6,0,0
2,25.9,62,5,0,0
2,24.6,64,13,0,0
2,23.8,42,12,0,0
2,24.7,46,5,0,0
2,24.7,63,4,0,0
2,24.3,63,6,0,0
3,22.3,52,11,0,0
3,21.6,43,12,0,0
3,20.9,44,14,0,0
3,22.1,45,13,0,0
3,22.7,54,9,0,0
3,24.5,60,8,0,0
3,25.5,69,7,0,0
3,25.9,69,6,0,0
3,25.3,72,7,0,0
3,24.9,73,6,0,0
3,25.1,72,4,0,0
3,28.6,48,7,0,0
3,28.9,43,8,0,0
3,26.9,72,6,0,0
3,25.5,63,11,0,0
3,24.1,66,11,0,0
3,23.5,62,11,0,0
3,26.8,34,14,0,0
3,27.3,19,14,0,0
3,26.6,37,7,0,0
3,25.1,57,10,0,0
3,24.3,60,7,0,0
3,24.8,68,7,0,0
3,25.6,64,8,0,0
3,26.5,62,7,0,0
3,26.5,63,6,0,0
3,25.6,59,8,0,0
3,24.8,51,9,0,0
3,24.5,51,11,0,0
3,23.9,39,10,0,0
3,24,50,7,0,0
4,24.3,63,6,0,0
4,25.7,46,6,0,0
4,27.3,48,5,0,0
4,26.7,57,8,0,0
4,27.8,55,7,8,0
4,29,48,7,0,0
4,30.5,42,7,0,0
4,29.4,44,6,0,0
4,29.7,43,7,0,0
4,29.9,56,5,0,0
4,29.7,57,6,0,0
4,28.2,64,9,0,0
4,26.7,60,8,0,0
4,26.9,59,7,0,0
4,28.8,52,3,0,0
4,30.1,51,5,0,0
4,29,51,7,39.2,1
4,28.6,55,4,0,0
4,29.3,45,8,0,0
4,26.9,67,9,0,0
4,28.4,63,8,0,0
4,28.7,62,6,0,0
4,28,59,8,0,0
4,26.9,54,6,0,0
4,27.3,55,7,0,0
4,27.7,49,8,0,0
4,28.3,38,7,0,0
4,29.2,45,6,0,0
4,30.3,54,6,0,0
4,30.8,62,5,0,0
5,31.7,60,8,0,0
5,31.6,52,6,0,0
5,30.8,49,7,0,0
5,30.8,48,6,0,0
5,29.8,53,7,0,0
5,28.8,64,5,0,0
5,29.4,54,6,0,0
5,31,46,8,0,0
5,31.5,49,5,0,0
5,30.9,39,7,0,0
5,30,61,7,0,0
5,29.7,61,6,0,0
5,29.9,49,8,0,0
5,29.2,61,5,0,0
5,30.3,55,6,0,0
5,30.3,63,7,0,0
5,30.5,52,8,0,0
5,30.2,54,8,0,0
5,30.8,54,6,0,0
5,31,50,8,0,0
5,29.9,59,8,0,0
5,29.8,66,10,0,0
5,34,48,9,0,0
5,31.7,58,5,0,0
5,31.3,59,5,0,0
5,32.4,42,5,0,0
5,32.5,42,5,0,0
5,31.7,60,7,0,0
5,33.2,50,7,0,0
5,32.5,58,6,0,0
5,31.9,64,9,0,0
6,32.8,51,11,0,0
6,34.6,48,9,0,0
6,35.2,48,6,0,0
6,34.1,51,8,0,0
6,33.9,47,10,0,0
6,31.9,57,10,0,0
6,30.3,57,8,0,0
6,30.4,66,7,0,0
6,32.5,43,9,0,0
6,33.9,37,9,0,0
6,34.3,31,6,0,0
6,33.1,50,6,0,0
6,32.3,51,7,0,0
6,33.4,52,9,0,0
6,33.1,49,9,0,0
6,32.8,49,9,0,0
6,33,49,6,0,0
6,33.9,49,4,0,0
6,33.8,59,7,0,0
6,33.5,52,5,0,0
6,33.9,45,8,0,0
6,34.9,29,7,0,0
6,35.1,39,11,0,0
6,36.1,38,11,0,0
6,34.4,50,8,0,0
6,33.8,39,7,0,0
6,31.4,62,6,0,0
6,31.1,67,5,0,0
6,32.6,58,6,0,0
6,32.3,50,7,0,0
7,35.1,32,7,0,0
7,35.2,42,10,0,0
7,34.6,42,7,0,0
7,34.9,46,9,0,0
7,33,53,10,0,0
7,32.6,50,10,0,0
7,33,47,6,0,0
7,33.5,47,5,0,0
7,34.2,42,6,0,0
7,34.1,36,7,0,0
7,34.1,37,8,0,0
7,34,43,8,0,0
7,33.8,48,7,0,0
7,34.6,43,11,0,0
7,35.3,46,12,0,0
7,35.2,43,9,0,0
7,35.3,44,7,0,0
7,35.2,39,6,0,0
7,35.6,41,4,0,0
7,35.3,47,6,0,0
7,34.4,53,6,0,0
7,34.6,49,9,0,0
7,34.3,50,8,0,0
7,33.8,52,7,0,0
7,33.3,61,6,0,0
7,34.3,69,7,0,0
7,35.3,55,6,0,0
7,34.8,63,7,0,0
7,35.2,57,7,0,0
7,34.3,50,7,0,0
7,34.6,50,5,0,0
8,35,43,8,0,0
8,34.9,49,8,0,0
8,34.4,55,7,0,0
8,33.9,58,8,0,0
8,33.3,58,7,0,0
8,32.6,55,7,0,0
8,34,47,6,0,0
8,35.3,38,4,0,0
8,35.2,39,5,0,0
8,33.7,48,6,0,0
8,34.5,48,8,0,0
8,34,53,10,0,0
8,34.1,49,7,0,0
8,33.4,53,7,0,0
8,34,47,8,0,0
8,34.2,45,10,0,0
8,33.1,58,8,0,0
8,34.1,46,8,0,0
8,33.2,51,6,0,0
8,32.8,54,8,0,0
8,33.6,49,9,0,0
8,33.2,51,7,0,0
8,32.6,59,8,0,0
8,32.7,56,8,0,0
8,32.5,59,9,0,0
8,33,47,8,0,0
8,33.3,47,9,0,0
8,32.4,51,7,0,0
8,33.1,44,6,0,0
8,32.9,43,8,0,0
8,33,48,11,0,0
9,31.8,58,11,0,0
9,31.6,64,9,0,0
9,31.3,66,6,0,0
9,31.5,64,5,0,0
9,32.5,50,9,0,0
9,31.6,47,9,0,0
9,31.8,53,10,0,0
9,33.4,47,7,0,0
9,33,52,8,0,0
9,32.5,42,9,0,0
9,31.6,53,8,0,0
9,31.4,56,7,0,0
9,32.6,47,8,0,0
9,33.4,43,11,0,0
9,32.2,51,9,0,0
9,31.6,51,6,0,0
9,32.2,39,8,0,0
9,32.4,32,7,0,0
9,31.9,45,9,0,0
9,31.5,54,9,0,0
9,31.3,69,7,0,0
9,32.7,62,7,0,0
9,32.1,66,6,0,0
9,31.7,76,4,0,0
9,31.3,77,4,0,0
9,31.9,70,5,0,0
9,31.5,69,5,0,0
9,31.9,61,5,0,0
9,31.8,66,5,0,0
9,30.9,69,5,0,0
10,31.5,60,5,0,0
10,31.4,60,6,0,0
10,31.7,70,5,0,0
10,31,74,4,0,0
10,30.7,73,5,0,0
10,30.5,76,5,0,0
10,30.6,72,4,0,0
10,31,66,5,0,0
10,30.3,69,5,0,0
10,30,64,4,0,0
10,30.4,61,5,0,0
10,30.8,55,6,0,0
10,31.3,60,6,0,0
10,31.1,61,5,0,0
10,30.5,67,5,0,0
10,30.8,66,4,0,0
10,30.4,65,5,0,0
10,30.8,65,5,0,0
10,30.9,59,5,0,0
10,31.3,58,7,0,0
10,30.9,55,8,0,0
10,30.7,51,7,1,0
10,31,54,6,0,0
10,30.7,59,4,0,0
10,30.8,63,5,0,0
10,30.1,61,6,0,0
10,30.7,51,9,0,0
10,29.3,54,5,0,0
10,29.6,51,5,0,0
10,30.1,57,5,0,0
10,30,50,6,0,0
11,29.8,61,5,0,0
11,29.6,65,4,0,0
11,29.9,65,9,16.6,1
11,24.4,72,5,12,1
11,29.3,68,4,0,0
11,28.5,66,3,0,0
11,29,63,4,0,0
11,29.1,60,4,0,0
11,29.9,56,5,0,0
11,30.5,57,6,0,0
11,29.7,54,5,39,1
11,28.9,62,8,0,0
11,27.9,54,8,0,0
11,27.2,50,6,0,0
11,26.3,57,5,27,1
11,27.3,56,5,11.4,1
11,28.2,63,6,0,0
11,29.6,70,11,0,0
11,28.9,49,7,0,0
11,28.3,45,6,18.2,1
11,28.2,53,5,18.8,1
11,27.8,66,5,0,0
11,27.8,71,8,1,1
11,27.3,60,9,0.5,1
11,26.5,59,8,0,0
11,26.5,48,10,0,0
11,26.9,52,8,33.6,1
11,27,57,7,0,0
11,25.9,53,8,2,1
11,28,43,9,0,0
12,27.9,48,8,26.6,1
12,27.9,53,3,11.2,1
12,28.1,61,5,0,0
12,27.3,64,5,0,0
12,27.2,65,5,0,0
12,26.9,62,6,0,0
12,26.8,59,6,0,0
12,27.1,65,4,0,0
12,27.2,67,6,0,0
12,27.2,72,4,0,0
12,26.1,63,8,0,0
12,25.9,56,8,0,0
12,25.3,63,7,0,0
12,24.8,58,8,0,0
12,25.1,48,6,0,0
12,24.6,49,8,0,0
12,24.4,48,5,0,0
12,24.8,52,6,0,0
12,25.6,62,9,0,0
12,25.5,58,8,0,0
12,25,51,10,0,0
12,24,52,10,0,0
12,24.1,54,7,34,1
12,24.8,60,5,0,0
12,23.3,61,10,11.2,1
12,22.5,43,10,0,0
12,25.5,37,12,0,0
12,26.4,61,8,0,0
12,25.8,62,7,31,1
12,25.2,57,7,0,0
12,24.9,48,10,0,0
1,24.4,64,7,0,0
1,24.2,58,8,0,0
1,23.3,52,8,0,0
1,23.8,52,5,0,0
1,23.4,71,5,0,0
1,22.7,68,6,0,0
1,22.5,52,8,0,0
1,20.5,49,9,0,0
1,19.9,51,6,0,0
1,20.1,52,8,0,0
1,21,42,13,0,0
1,22.9,40,7,0,0
1,23.6,50,8,0,0
1,24,57,9,0,0
1,25.8,57,5,0,0
1,27.2,43,7,0,0
1,26.4,49,6,0,0
1,27.2,69,6,0,0
1,27,67,5,0,0
1,25.8,67,7,0,0
1,24,65,4,0,0
1,24.3,62,4,0,0
1,24.8,63,4,0,0
1,25.1,67,6,0,0
1,26.4,77,3,0,0
1,27.2,76,6,0,0
1,27.2,61,7,0,0
1,27.8,67,13,51.2,1
1,24.3,48,13,16,1
1,22.8,53,9,0,0
1,22.2,53,9,0,0
2,21.4,45,9,0,0
2,21.6,49,12,0,0
2,26.7,26,17,0,0
2,27.5,38,8,0,0
2,27.1,50,6,0,0
2,27.1,58,9,0,0
2,26.6,72,6,0,0
2,26.7,68,7,0,0
2,26.3,67,5,0,0
2,26.6,63,6,0,0
2,25.5,63,7,0,0
2,24.5,58,7,0,0
2,25.1,59,6,0,0
2,25.7,66,4,0,0
2,26.5,54,5,0,0
2,25.6,59,9,0,0
2,24.8,62,8,0,0
2,24.6,58,6,0,0
2,24.3,55,8,0,0
2,23.9,61,9,0,0
2,24.8,60,8,0,0
2,25.5,65,6,0,0
2,25.7,71,7,0,0
2,25.6,52,8,0,0
2,29,39,9,0,0
2,27.1,55,5,0,0
2,29.4,47,10,0,0
2,27.5,57,6,0,0
3,26.2,69,6,0,0
3,26.3,65,5,0,0
3,27,63,5,0,0
3,27.9,67,4,0,0
3,27.6,66,5,0,0
3,26.2,61,10,0,0
3,26.9,54,7,0,0
3,27.4,57,6,0,0
3,27.6,67,6,0,0
3,26.2,59,10,0,0
3,25.5,52,9,0,0
3,29.7,33,9,0,0
3,28.6,49,6,0,0
3,29.4,56,6,0,0
3,30.4,51,6,0,0
3,30.5,43,10,0,0
3,28.1,59,9,0,0
3,26,61,11,0,0
3,25.6,63,7,0,0
3,26.8,57,7,0,0
3,27,57,8,0,0
3,27.7,59,5,0,0
3,27.4,62,7,0,0
3,26,55,10,0,0
3,25.6,58,7,0,0
3,27.5,51,6,0,0
3,29.1,55,5,0,0
3,28.6,60,8,0,0
3,28.4,61,6,0,0
3,28.9,56,5,0,0
3,30.6,53,5,0,0
4,31.2,50,6,0,0
4,29,63,6,0,0
4,27.8,63,5,0,0
4,29.8,51,5,0,0
4,27.9,55,11,0,0
4,26,49,9,0,0
4,29.6,38,10,0,0
4,27.8,50,7,0,0
4,26.8,58,7,0,0
4,26.2,61,10,23,1
4,25.5,58,8,13.6,0
4,26.7,54,8,0,0
4,27.6,46,10,0,0
4,27,64,8,0,0
4,28.6,54,6,0,0
4,30.2,48,6,0,0
4,29.5,48,8,34,1
4,28.1,46,11,0,0
4,27.5,46,11,0,0
4,28.3,43,9,0,0
4,26.4,48,11,0,0
4,25.2,45,10,0,0
4,25.3,51,9,0,0
4,27.3,57,8,24,1
4,28.3,54,6,0,0
4,28.4,62,4,0,0
4,28.7,54,4,0,0
4,30.2,55,6,0,0
4,30.1,56,5,0,0
4,30.4,56,9,0,0
5,29.8,47,6,0,0
5,29.2,47,5,0,0
5,30,51,4,0,0
5,31.7,61,7,0,0
5,30.8,67,5,0,0
5,31.2,61,5,0,0
5,30.4,56,5,0,0
5,30.8,64,5,0,0
5,31.7,65,6,0,0
5,31,70,7,0,0
5,31.8,53,7,0,0
5,33.9,40,7,0,0
5,31,49,12,0,0
5,29.6,56,8,0,0
5,32.4,41,7,0,0
5,29.9,51,11,0,0
5,28.5,63,9,0,0
5,29.1,69,6,0,0
5,31.1,58,5,0,0
5,33.1,48,5,0,0
5,31.8,52,7,0,0
5,32,62,7,0,0
5,32.9,56,7,0,0
5,32.7,58,6,0,0
5,32.1,52,5,0,0
5,30.1,73,7,0,0
5,31.2,64,11,0,0
5,30.6,61,9,0,0
5,32.9,49,9,0,0
5,31,53,6,0,0
5,31.7,39,5,0,0
6,32.8,49,7,0,0
6,34.1,38,6,0,0
6,36.1,30,9,0,0
6,36.3,24,10,0,0
6,37.6,32,11,0,0
6,37.9,23,11,0,0
6,32.7,49,10,0,0
6,32,53,8,0,0
6,32.7,50,7,0,0
6,32.1,52,6,0,0
6,31.4,58,9,0,0
6,32.2,45,9,0,0
6,30.6,51,6,0,0
6,31.3,58,9,0,0
6,31.8,50,11,0,0
6,31.1,50,12,0,0
6,30.7,44,12,0,0
6,32,45,8,0,0
6,32.4,39,5,0,0
6,33.4,26,5,0,0
6,34.2,24,7,0,0
6,34.1,33,7,0,0
6,34.5,36,7,0,0
6,33.1,38,7,0,0
6,33,48,7,0,0
6,30.8,54,7,0,0
6,31.3,56,5,0,0
6,31.7,62,8,0,0
6,31.7,72,8,0,0
6,32.5,66,8,0,0
7,32.5,58,8,0,0
7,32.7,65,8,0,0
7,32.6,63,9,0,0
7,32.5,58,8,0,0
7,33.4,50,9,0,0
7,33.4,52,12,0,0
7,32.8,57,9,0,0
7,32.7,69,8,0,0
7,33,71,8,0,0
7,32,74,8,0,0
7,31.8,72,9,0,0
7,32,59,7,0,0
7,32.1,63,7,0,0
7,33.7,56,7,0,0
7,32.8,64,8,0,0
7,32.6,58,7,0,0
7,32.9,56,9,0,0
7,32.2,60,10,0,0
7,31.7,58,10,0,0
7,32,63,11,0,0
7,31.9,61,10,0,0
7,32.4,52,9,0,0
7,31.8,55,7,0,0
7,32.6,58,7,0,0
7,32.9,47,8,0,0
7,32.7,54,7,0,0
7,33,50,6,0,0
7,33.3,46,7,0,0
7,33.4,31,8,0,0
7,34,37,7,0,0
7,34.5,41,6,0,0
8,33.1,58,6,0,0
8,33.2,64,9,0,0
8,33.5,61,7,0,0
8,33.1,63,6,0,0
8,33.4,59,6,0,0
8,33.1,60,5,0,0
8,33.8,56,5,0,0
8,34.1,58,8,0,0
8,33.8,51,8,0,0
8,33.1,58,5,0,0
8,34.5,46,6,0,0
8,32.9,62,9,0,0
8,33.4,56,9,0,0
8,32.8,60,6,0,0
8,33.4,56,9,0,0
8,32.8,57,8,0,0
8,33.2,56,7,0,0
8,32.9,60,7,0,0
8,32.5,68,7,0,0
8,33.3,63,6,0,0
8,34,59,9,0,0
8,33.2,62,10,0,0
8,33.1,67,5,0,0
8,32.4,70,6,0,0
8,32.5,60,9,0,0
8,31.3,65,7,0,0
8,32.1,54,7,0,0
8,31.8,56,8,0,0
8,32.8,48,9,0,0
8,32.5,53,7,0,0
8,33.2,61,6,0,0
9,34.2,46,10,0,0
9,34.4,53,9,0,0
9,32.6,59,7,0,0
9,32.9,60,7,0,0
9,32.2,65,7,0,0
9,31.3,65,7,0,0
9,32,64,6,0,0
9,32.3,59,8,0,0
9,32.1,60,9,0,0
9,31.7,67,7,0,0
9,31.7,68,7,0,0
9,32.2,66,7,0,0
9,32.5,73,6,0,0
9,32.2,69,6,0,0
9,33.1,50,5,0,0
9,31.2,56,6,0,0
9,31.4,68,7,0,0
9,32.2,67,9,0,0
9,32.7,59,8,0,0
9,32.4,57,5,0,0
9,32.8,52,11,0,0
9,31.8,64,10,0,0
9,31.6,59,8,0,0
9,32.8,56,8,0,0
9,32.4,64,10,0,0
9,30.2,64,9,0,0
9,29.9,77,8,0,0
9,30.4,72,7,0,0
9,30.6,70,7,0,0
9,30.4,71,8,0,0
10,30.8,66,8,0,0
10,30.4,67,7,0,0
10,30.6,66,6,0,0
10,30.4,66,5,0,0
10,30.2,76,7,0,0
10,30.2,72,8,0,0
10,29.9,67,10,0,0
10,30.6,67,9,0,0
10,30.4,73,6,0,0
10,30.8,62,4,0,0
10,30.2,70,5,0,0
10,29.6,77,5,0,0
10,29.6,71,6,0,0
10,28.8,62,5,0,0
10,29.4,55,6,0,0
10,29.7,57,7,0,0
10,29.4,60,5,0,0
10,29.5,66,5,0,0
10,29.7,71,6,0,0
10,29.6,72,5,0,0
10,29.3,73,5,0,0
10,29.2,69,4,0,0
10,30,63,5,0,0
10,29.7,67,4,0,0
10,29.8,64,4,0,0
10,30.1,62,5,0,0
10,29.3,71,7,0,0
10,29,68,4,0,0
10,29.5,64,5,0,0
10,29.1,64,5,14,1
10,29.6,74,6,0,0
11,29.3,58,8,0,0
11,28.8,55,7,0,0
11,28.5,54,7,0,0
11,29.3,51,8,0,0
11,29.6,64,4,0,0
11,29.4,66,5,0,0
11,29.8,69,6,0,0
11,30.4,61,9,0,0
11,30.4,58,10,56,1
11,29.4,70,6,34,1
11,29.5,65,5,0,0
11,29.1,59,6,0,0
11,28.8,47,7,0,0
11,27.8,57,6,0,0
11,27.9,57,5,17,1
11,28.2,61,6,0,0
11,27,59,5,0,0
11,27.1,55,7,0,0
11,26.1,52,8,0,0
11,25.5,54,6,20.4,1
11,26.1,46,6,0,0
11,28.6,35,10,55.2,1
11,28.1,34,4,0,0
11,28.2,50,5,0,0
11,28,55,5,32,1
11,28.6,55,5,0,0
11,28.1,52,4,39.9,1
11,27.6,49,4,0,0
11,27.1,55,4,0,0
11,28.1,50,4,0,0
12,27.4,51,6,18,1
12,27.3,60,4,21.5,1
12,27.6,57,4,0,0
12,27.2,58,6,13.6,1
12,27.8,60,7,0,0
12,27.2,59,6,0,0
12,27.2,52,5,0,0
12,26.7,59,5,0,0
12,26.7,59,5,0,0
12,25.7,49,9,0,0
12,24.7,49,8,0,0
12,23.9,57,8,0,0
12,21.8,48,13,0,0
12,21.1,46,14,0,0
12,21.8,40,14,12,1
12,21.9,38,9,0,0
12,21.4,45,7,0,0
12,22.5,46,7,0,0
12,22.7,48,9,0,0
12,24.1,46,8,0,0
12,25.2,47,4,0,0
12,24.7,55,7,0,0
12,25.9,32,9,0,0
12,26.7,19,13,0,0
12,27.1,26,9,32,1
12,27.1,34,7,0,0
12,26.2,53,4,0,0
12,26.7,61,6,0,0
12,26.6,65,7,0,0
12,24.2,58,11,0,0
12,30,47,4,14,1
1,24.2,61,12,0,0
1,22.8,42,9,0,0
1,24.9,38,8,0,0
1,23.9,56,6,0,0
1,22.1,54,8,0,0
1,22,53,10,0,0
1,23,49,9,0,0
1,24.8,23,15,0,0
1,25.1,22,17,0,0
1,24.7,22,8,0,0
1,24.9,32,6,0,0
1,24.1,47,4,0,0
1,25.7,48,5,0,0
1,25.5,58,7,0,0
1,24.2,59,9,0,0
1,24.4,49,5,0,0
1,24,64,5,0,0
1,23.5,63,7,0,0
1,22.7,55,6,0,0
1,21.5,49,9,0,0
1,25,37,7,0,0
1,24.8,61,6,0,0
1,25.1,55,9,0,0
1,23.7,48,9,0,0
1,23.1,55,7,0,0
1,22.4,46,11,0,0
1,20.6,47,12,0,0
1,21.9,39,11,0,0
1,23.7,29,11,0,0
1,23.7,43,9,0,0
1,24.5,38,7,0,0
2,24.9,50,6,0,0
2,26.7,37,10,0,0
2,28.4,17,14,0,0
2,26.8,30,8,0,0
2,25.4,41,6,0,0
2,24.2,56,4,0,0
2,24,64,4,0,0
2,24.2,64,4,0,0
2,24.6,63,4,0,0
2,25.7,58,5,0,0
2,26.9,57,6,0,0
2,28.9,40,13,0,0
2,27.9,62,10,0,0
2,26.1,70,5,0,0
2,26.2,69,7,0,0
2,27.1,67,6,0,0
2,26.2,60,10,0,0
2,23.3,40,12,0,0
2,23.3,52,8,0,0
2,24.3,60,6,0,0
2,25.2,66,5,0,0
2,26.8,63,4,0,0
2,27.5,58,6,0,0
2,28.1,64,9,0.5,1
2,26.5,54,9,0,0
2,24.9,57,5,0,0
2,26.4,49,6,0,0
2,25.8,48,8,0,0
3,24.4,48,9,0,0
3,26.9,47,9,0,0
3,26.3,53,5,0,0
3,26.7,54,6,3,1
3,26.2,66,4,0,0
3,26.7,58,5,0,0
3,27.9,57,7,0,0
3,26.8,72,4,0,0
3,26.7,70,5,0,0
3,26.4,66,6,0,0
3,26.2,62,8,0,0
3,25.7,52,9,0,0
3,25.1,60,8,0,0
3,26.3,62,8,0,0
3,26.5,63,6,0,0
3,27.1,60,8,0,0
3,26.2,65,7,0,0
3,26.7,59,6,0,0
3,27,63,5,0,0
3,29.8,49,4,0,0
3,29.2,49,4,0,0
3,28.7,50,5,0,0
3,29.2,47,4,0,0
3,30.2,38,5,0,0
3,29.9,45,5,0,0
3,28,61,5,0,0
3,29,52,5,0,0
3,30.9,42,9,0,0
3,31.1,45,10,0,0
3,28,58,13,0,0
3,27,68,10,0,0
4,27.8,66,6,0,0
4,28.4,61,6,0,0
4,29.2,59,6,0,0
4,29.8,50,6,0,0
4,28.6,62,5,0,0
4,28.5,55,7,0,0
4,29.3,45,8,0,0
4,30.3,34,7,0,0
4,29.3,48,7,0,0
4,28.8,50,12,0,0
4,27.6,50,9,0,0
4,26.6,58,8,0,0
4,26.5,49,7,0,0
4,28.2,47,4,0,0
4,28.8,45,7,0,0
4,27.9,63,2,0,0
4,27.9,63,6,0,1
4,29.5,51,6,0,0
4,29.7,52,7,0,0
4,29.9,54,5,0,0
4,31.3,48,4,0,0
4,33.1,41,10,0,0
4,29.9,64,9,0,0
4,28.8,49,10,0,0
4,28.4,49,6,0,0
4,28.4,48,1,0,0
4,27.2,38,11,0,0
4,27.5,44,9,0,0
4,27.6,53,8,0,0
4,27.9,58,7,0,0
5,29.5,47,5,0,0
5,31.8,32,6,0,0
5,33.4,41,12,0,0
5,32.9,51,8,0,0
5,32.3,57,6,0,0
5,34.2,42,8,0,0
5,35.2,29,11,0,0
5,31.7,51,10,1.8,1
5,30.6,43,10,0,0
5,32,32,8,0,0
5,34.1,30,6,0,0
5,32.2,42,10,0,0
5,30.7,49,10,0,0
5,30,46,11,0,0
5,28.7,58,9,0,0
5,29,67,6,0,0
5,30.2,60,5,0,0
5,32.3,42,6,0,0
5,31.7,44,7,0,0
5,30.8,56,7,0,0
5,32.5,46,8,0,0
5,34.3,37,7,0,0
5,34.9,41,8,0,0
5,35.7,32,10,0,0
5,33.6,49,9,0,0
5,34.6,39,6,0,0
5,33.9,40,6,0,0
5,33.5,43,9,0,0
5,34.7,35,8,0,0
5,33.1,52,10,0,0
5,33.2,47,10,0,0
6,32.5,39,11,0,0
6,31.1,48,7,0,0
6,31.2,62,10,0,0
6,32,50,9,0,0
6,31.8,40,10,0,0
6,32,44,13,0,0
6,32.6,46,11,0,0
6,32.2,56,6,0,0
6,32.2,67,6,0,0
6,31.5,70,6,0,0
6,31.9,62,7,0,0
6,36,40,8,0,0
6,35.2,36,6,0,0
6,34,46,7,0,0
6,32.8,42,7,0,0
6,31.8,42,8,0,0
6,34.5,42,8,0,0
6,34.3,47,6,0,0
6,31.7,64,7,0,0
6,32.7,63,7,0,0
6,33.4,58,8,0,0
6,34.6,55,7,0,0
6,35.1,52,7,0,0
6,32.3,67,7,0,0
6,32.4,64,8,0,0
6,32.3,61,7,0,0
6,33.1,50,7,0,0
6,34.1,45,8,0,0
6,33.4,52,9,0,0
6,32.8,61,8,0,0
7,32.1,63,8,0,0
7,33,62,11,0,0
7,32.2,63,7,0,0
7,32.7,62,8,0,0
7,33.2,53,9,0,0
7,33.1,51,7,0,0
7,33.7,48,6,0,0
7,35.1,42,8,0,0
7,34,51,9,0,0
7,33.7,52,6,0,0
7,33.2,53,8,0,0
7,33.4,53,7,0,0
7,32.9,56,5,0,0
7,33.5,49,7,0,0
7,34,43,7,0,0
7,34.7,35,5,0,0
7,34.1,44,5,0,0
7,34.2,37,6,0,0
7,35.2,32,4,0,0
7,34.9,49,5,0,0
7,35.5,52,7,0,0
7,34.3,54,7,0,0
7,34.2,53,8,0,0
7,34.8,38,6,0,0
7,34.5,50,6,0,0
7,34.5,50,7,0,0
7,34.8,51,7,0,0
7,33.1,64,8,0,0
7,33.8,58,7,0,0
7,33.2,56,9,0,0
7,33.8,56,6,0,0
8,35.2,46,8,0,0
8,34.7,44,8,0,0
8,33.4,54,5,0,0
8,35.1,46,5,0,0
8,35.3,49,6,0,0
8,34.2,59,10,0,0
8,33.6,58,8,0,0
8,33.4,63,5,0,0
8,34.9,46,5,0,0
8,35.2,53,7,0,0
8,34.8,50,9,0,0
8,33.8,61,7,0,0
8,34.1,56,9,0,0
8,34,52,6,0,0
8,32.9,53,4,0,0
8,34.1,51,5,0,0
8,33.7,51,7,0,0
8,33.1,55,7,0,0
8,33.2,64,6,0,0
8,35.6,47,7,0,0
8,35.5,45,10,0,0
8,35.2,46,11,0,0
8,33.7,45,9,0,0
8,33.3,52,9,0,0
8,33.5,53,7,0,0
8,33.1,64,9,0,0
8,33.2,60,9,0,0
8,32.2,56,9,0,0
8,32,60,7,0,0
8,33.3,60,6,0,0
8,33,66,8,0,0
9,33.3,66,7,0,0
9,32.9,72,5,0,0
9,32.8,73,5,0,0
9,34.2,61,9,0,0
9,35.6,51,10,0,0
9,35.9,40,9,0,0
9,33.7,65,9,0,0
9,33.7,66,8,0,0
9,32.3,66,7,0,0
9,32.8,56,9,0,0
9,32.8,58,9,0,0
9,33.1,61,7,0,0
9,32.1,65,6,0,0
9,32.3,70,7,0,0
9,32.7,68,6,0,0
9,31.5,75,5,0,0
9,31.9,70,5,0,0
9,32,67,6,0,0
9,31.9,68,5,0,0
9,32.1,67,6,0,0
9,32.5,67,5,0,0
9,32,70,5,0,0
9,32.8,66,5,0,0
9,33.2,59,6,0,0
9,32.9,64,7,0,0
9,32.8,64,5,0,0
9,33.2,63,6,0,0
9,33.6,58,7,0,0
9,34,60,4,0,0
9,32.9,56,4,0,0
10,31.5,69,4,0,0
10,32.7,57,4,0,0
10,31.5,58,5,0,0
10,31.4,68,4,0,0
10,31.5,64,5,0,0
10,31.3,68,5,0,0
10,31.2,70,4,0,0
10,32.1,65,6,0,0
10,30.7,71,5,0,0
10,31,69,5,0,0
10,31.8,62,7,0,0
10,31.1,63,8,0,0
10,31.1,60,8,0,0
10,31.7,61,8,0,0
10,31.8,57,6,0,0
10,31,63,6,0,0
10,30.8,60,4,0,0
10,30.6,55,5,0,0
10,31.2,54,7,0,0
10,31.5,52,4,0,0
10,31.3,53,4,0,0
10,31.3,57,6,0,0
10,31,56,4,0,0
10,30.4,62,5,2,1
10,30.8,58,7,1,1
10,31.8,58,5,0,0
10,30.5,51,9,0,0
10,31.3,53,6,0,0
10,31.5,43,6,0,0
10,30.7,40,10,3,1
10,26.7,64,7,2.8,1
11,26.7,60,9,4.9,1
11,26.4,57,5,1,1
11,25.4,59,9,5.9,1
11,26.2,57,5,0,0
11,27.3,61,5,18,1
11,27.8,50,4,0,0
11,28.4,47,6,0,0
11,28.9,49,6,0,0
11,27.6,57,5,8,1
11,28,60,6,0,0
11,28.6,43,9,0,0
11,28.7,43,8,0,0
11,28.6,52,4,0,0
11,27.3,60,6,4,1
11,25.2,53,9,3,1
11,25,46,8,0,0
11,27.3,43,5,0,0
11,27.9,58,5,0,0
11,28.4,62,4,0,0
11,28.9,54,8,0,0
11,29.3,50,6,0,0
11,29.4,57,6,0,0
11,26.6,65,6,26,1
11,26.2,63,6,0,0
11,25.2,43,9,0,0
11,26.6,45,7,0,0
11,27.4,57,3,0,0
11,28.8,58,4,0,0
11,30,56,8,0,0
11,30.8,55,15,0,0
12,28,67,5,0,0
12,27.7,70,6,0,0
12,28.2,65,3,0,0
12,28.5,64,7,0,0
12,25.8,67,8,2,1
12,24.3,49,9,0,0
12,23.7,39,7,0,0
12,24.3,42,8,0,0
12,24.3,55,7,0,0
12,24.8,54,9,0,0
12,24.6,52,8,0,0
12,25.5,59,7,0,0
12,25.5,57,7,0,0
12,25.9,58,7,0,0
12,26.7,62,3,0,0
12,27.5,60,4,0,0
12,26.8,59,6,0,0
12,26.5,55,9,0,0
12,25.5,63,7,0,0
12,25.4,59,8,0,0
12,25,62,9,0,0
12,25.5,53,6,0,0
12,26,52,3,0,0
12,26.2,59,5,0,0
12,26,60,5,0,0
12,27.6,64,8,0,0
12,27.8,62,12,0,0
12,24.4,60,11,0,0
12,23.1,57,9,0,0
12,22.7,56,7,0,1
12,23.2,43,7,0,0
1,24.7,59,4,0,0
1,26.3,72,7,0,0
1,24.7,58,10,0,0
1,25,55,6,0,0
1,26,67,5,0,0
1,25.8,69,7,0,0
1,23.7,58,10,0,0
1,22.6,57,8,0,0
1,22.4,49,8,0,0
1,23.6,51,7,0,0
1,24.8,62,5,0,0
1,25.5,66,5,0,0
1,26.6,65,8,0,0
1,25.6,67,7,0,0
1,24.6,57,6,0,0
1,23.9,62,7,0,0
1,21.8,47,13,0,0
1,22.4,47,6,0,0
1,23.1,57,4,0,0
1,24,59,5,0,0
1,25.1,61,5,0,0
1,25.4,65,6,0,0
1,24.9,64,5,0,0
1,26.2,63,5,0,0
1,27.2,69,7,0,0
1,27.7,69,10,0,0
1,28.8,58,15,0,0
1,24.9,72,13,30,1
1,24.2,53,4,0.001,1
1,27.1,61,6,0,0
1,26.2,73,6,0.001,1
2,25.4,65,7,0,0
2,24.8,62,7,0,0
2,24.7,63,5,0,0
2,25.5,60,4,0,0
2,26.5,56,3,0,0
2,27.9,53,5,0,0
2,27.9,71,7,0,0
2,28.5,64,12,0,0
2,25.3,58,10,0,0
2,23.7,54,10,0,0
2,22.5,42,11,0,0
2,25.7,37,9,0,0
2,26.5,55,8,0,0
2,25.9,66,5,0,0
2,23.9,52,11,0,0
2,21,40,12,0,0
2,21.7,44,8,0,0
2,22,46,11,0,0
2,21.5,30,12,0,0
2,23.5,29,12,0,0
2,23.3,40,7,0,0
2,23.6,51,7,0,0
2,23.5,40,9,0,0
2,25.6,40,7,0,0
2,26.2,57,5,0,0
2,27.3,62,5,0,0
2,28.3,58,7,0,0
2,24.2,50,14,0,0
3,22,43,12,0,0
3,21.4,46,10,0,0
3,21.6,48,11,0,0
3,21.8,41,8,0,0
3,21.9,40,8,0,0
3,22.2,38,10,0,0
3,24,42,9,0,0
3,24.4,48,6,0,0
3,27.2,37,11,0,0
3,28.3,26,11,0,0
3,25.7,57,8,0,0
3,28,45,9,0,0
3,27.6,63,8,0,0
3,26.2,66,11,0,0
3,23.4,51,9,0,0
3,24.4,49,10,0,0
3,23.3,44,10,0,0
3,25.1,52,9,0,0
3,26,62,4,0,0
3,25.9,67,4,0,0
3,26,63,5,0,0
3,25.2,59,8,0,0
3,25.8,64,4,0,0
3,28.8,59,13,0,0
3,25.5,57,11,0,0
3,24.1,44,9,0,0
3,23.6,38,10,0,0
3,24.6,47,10,0,0
3,26.2,55,8,0,0
3,27.3,51,8,0,0
3,25.7,56,12,0,0
4,23,40,11,0,0
4,23.2,35,9,0,0
4,23.9,44,8,0,0
4,26.9,40,6,0,0
4,26.9,62,7,0,0
4,27.2,58,7,0,0
4,29.1,42,7,0,0
4,29.8,43,5,0,0
4,29.9,49,5,0,0
4,31.5,37,11,0,0
4,27.7,62,9,0,0
4,26.6,61,9,0,0
4,26.2,59,8,0,0
4,30.7,39,9,0,0
4,29.4,51,5,0,0
4,30.7,50,6,0,0
4,29.2,61,6,0,0
4,27.9,50,13,0,0
4,26.1,46,10,0,0
4,25.8,49,11,0,0
4,25.1,39,11,0,0
4,24.7,50,12,0,0
4,26.4,57,11,0,0
4,28.8,57,7,0,0
4,29.4,52,5,0,0
4,30.6,72,7,0,0
4,30.8,55,8,0,0
4,29.7,60,5,0,0
4,30.9,48,8,0,0
4,30.5,46,7,0,0
5,31.8,44,5,0,0
5,33.1,38,5,0,0
5,34.3,30,5,0,0
5,31.7,47,7,0,0
5,30.9,60,6,0,0
5,32.3,48,5,0,0
5,33.6,32,4,0,0
5,30.1,54,8,0,0
5,29,60,9,0,0
5,29.3,49,10,0,0
5,28.9,53,8,0,0
5,30.1,56,7,0,0
5,32.5,41,6,0,0
5,32.1,44,5,0,0
5,32.6,40,6,0,0
5,34,37,4,0,0
5,35.1,40,8,0,0
5,34,37,7,0,0
5,32,49,6,0,0
5,31.9,51,8,0,0
5,32.3,45,5,0,0
5,32.1,44,7,0,0
5,32.2,39,6,0,0
5,34,42,7,0,0
5,34.3,40,6,0,0
5,33.8,50,7,0,0
5,32.4,50,5,0,0
5,32.9,58,5,0,0
5,34,51,7,1,1
5,34.5,50,8,0,0
5,36.2,44,8,0,0
6,36,32,10,1.5,1
6,35.5,39,8,0,0
6,36.9,33,8,0,0
6,35.8,47,6,0,0
6,36.3,45,10,0,0
6,34.4,52,9,0,0
6,33.5,58,7,0,0
6,33.4,58,8,0,0
6,34,49,9,0,0
6,34.5,39,11,0,0
6,34.4,39,12,0,0
6,34.8,37,15,0,0
6,33.5,40,12,0,0
6,31.8,49,9,0,0
6,32.4,49,9,0,0
6,32.7,44,9,0,0
6,32.5,44,11,0,0
6,33.5,47,12,0,0
6,32.3,51,9,0,0
6,32.1,60,8,0,0
6,38.6,26,10,0,0
6,35.8,34,8,0,0
6,32.9,58,8,0,0
6,32.2,55,7,0,0
6,32.4,63,6,0,0
6,33.8,55,6,0,0
6,33.8,62,8,0,0
6,34.2,53,8,0,0
6,35.1,38,8,0,0
6,34,49,7,0,0
7,34.4,46,9,0,0
7,32.5,52,8,0,0
7,32.2,58,6,0,0
7,31.9,64,7,0,0
7,31.9,66,8,0,0
7,32.7,58,8,0,0
7,34.5,41,7,0,0
7,34,43,7,0,0
7,33.7,51,7,0,0
7,34.5,38,8,0,0
7,35.2,28,6,0,0
7,35.9,25,5,0,0
7,34.9,42,7,0,0
7,32.8,60,5,0,0
7,35,48,6,0,0
7,35.6,44,8,0,0
7,33.5,49,7,0,0
7,34.6,44,5,0,0
7,34.4,55,7,0,0
7,35.8,53,9,0,0
7,35.8,47,10,0,0
7,33.9,50,10,0,0
7,33.8,43,7,0,0
7,34.1,41,9,0,0
7,33.9,49,12,0,0
7,34.1,52,8,0,0
7,33.6,53,7,0,0
7,33.7,50,7,0,0
7,34.5,46,8,0,0
7,33.6,48,8,0,0
7,33.5,46,7,0,0
8,35.2,38,5,0,0
8,34.2,46,5,0,0
8,33.2,56,7,0,0
8,33.9,50,6,0,0
8,34.8,47,5,0,0
8,35.7,49,9,0,0
8,33.5,60,10,0,0
8,33.2,61,6,0,0
8,33.4,58,5,0,0
8,33.8,54,6,0,0
8,34,57,9,0,0
8,33.8,58,8,0,0
8,34.5,54,7,0,0
8,34.5,55,8,0,0
8,34.6,56,8,0,0
8,34.6,51,11,0,0
8,35.5,48,11,0,0
8,34.1,57,7,0,0
8,34.7,52,10,0,0
8,33.7,50,10,0,0
8,34,48,10,0,0
8,33.1,58,9,0,0
8,33.4,63,7,0,0
8,34.9,43,7,0,0
8,34.4,49,7,0,0
8,33.2,58,8,0,0
8,33.4,61,7,0,0
8,33.7,57,9,0,0
8,32.8,55,9,0,0
8,32.6,63,7,0,0
8,32.2,69,7,0,0
9,32.2,68,7,0,0
9,32.5,62,8,0,0
9,32.5,66,8,0,0
9,32.3,66,6,0,0
9,33.2,61,8,0,0
9,33,57,10,0,0
9,33.9,50,12,0,0
9,32.6,57,9,0,0
9,32.2,55,7,0,0
9,32.7,55,7,0,0
9,33.6,49,8,0,0
9,31.6,59,9,0,0
9,31,70,7,0,0
9,31.4,69,6,0,0
9,31.8,66,9,0,0
9,31.8,60,9,0,0
9,32.1,64,7,0,0
9,31.3,71,6,0,0
9,31.8,73,7,0,0
9,33.5,56,6,0,0
9,32.2,69,4,0,0
9,31.2,72,4,0,0
9,31,75,6,0,0
9,31.9,71,4,0,0
9,32.1,68,6,0,0
9,32.5,69,7,0,0
9,32.4,68,6,0,0
9,32.5,68,6,0,0
9,32.6,63,5,0,0
9,33.1,62,7,0,0
10,32.4,62,7,1.5,1
10,32.4,59,7,0,0
10,32.2,69,8,0,0
10,32.9,62,6,0,0
10,31.6,70,5,0,0
10,32.1,66,3,0,0
10,33.1,53,9,0,0
10,34,37,12,1.3,1
10,32.9,54,8,0,0
10,32.1,66,5,0,0
10,31.5,69,4,0,0
10,31.8,68,5,0,0
10,33,51,8,0,0
10,31.9,58,6,0,0
10,31.7,68,6,0,0
10,31.9,63,4,0,0
10,32.1,53,5,0,0
10,31.7,65,4,0,0
10,31.8,64,6,0,0
10,30.9,69,6,0,0
10,30.4,71,4,0,0
10,30.7,65,5,0,0
10,31,63,6,0,0
10,31.1,57,6,0,0
10,31.3,55,6,0,0
10,31,48,7,0,0
10,30.2,41,9,0,0
10,29.7,51,8,0,0
10,29.8,46,2,0,0
10,29.1,57,9,0,0
10,29.1,61,7,0,0
11,28.9,60,6,0,0
11,29.1,60,7,0,0
11,29.3,60,7,0,0
11,29.4,58,7,0,0
11,29.4,59,5,0,0
11,29,61,4,0,0
11,30,57,5,0,0
11,29.9,60,4,0,0
11,30.2,57,5,0,0
11,30.4,48,4,0,0
11,30.4,51,4,0,0
11,29.9,57,5,0,0
11,30.1,60,6,0,0
11,30.4,55,5,0,0
11,29.3,64,5,0,0
11,28.6,60,5,0,0
11,28,61,5,0,0
11,28.9,52,5,0,0
11,28.9,46,6,0,0
11,28.7,48,8,0,0
11,29.3,35,12,0,0
11,28.6,43,6,0,0
11,27.9,50,7,0,0
11,27.2,57,6,0,0
11,26.5,57,5,0,0
11,27.6,51,5,0,0
11,28.5,54,4,0,0
11,28.8,56,7,0,0
11,28.5,59,8,0,0
11,28.1,64,5,0,0
12,28.3,63,4,0,0
12,26.5,65,7,0.6,1
12,26.6,51,7,0,0
12,26.8,59,8,0,0
12,27.3,56,8,0,0
12,27.2,61,8,0,0
12,26.4,51,7,0,0
12,24.3,54,8,0,0
12,24.7,53,7,0,0
12,25.2,58,6,0,0
12,27,59,6,0,0
12,27.6,65,5,0,0
12,26.7,56,9,0,0
12,25.6,54,8,0,0
12,25.1,53,9,0,0
12,23.7,46,9,0,0
12,24.2,35,9,0,0
12,26.4,24,18,0,0
12,27.9,25,17,0,0
12,28.1,32,12,0,0
12,27.8,39,8,0,0
12,27,50,4,0,0
12,26.2,60,5,0,0
12,25.5,59,5,0,0
12,24.9,49,7,0,0
12,22.9,50,10,0,0
12,22.1,49,11,0,0
12,22.4,53,9,0,0
12,22.4,55,6,0,0
12,23.4,60,6,0,0
12,23.4,57,7,0,0
1,23.4,56,6,0,0
1,24.2,57,5,0,0
1,24.9,56,9,0,0
1,23.4,53,12,0,0
1,21.4,47,9,0,0
1,21.1,44,7,0,0
1,21.2,53,6,0,0
1,21.9,50,9,0,0
1,19.9,51,8,0,0
1,19.2,46,8,0,0
1,19.8,40,9,0,0
1,20.7,26,13,0,0
1,21,30,8,0,0
1,21.6,44,6,0,0
1,25.2,31,9,0,0
1,24.9,49,5,0,0
1,26.7,67,10,0,0
1,23.8,59,10,0,0
1,22.2,52,9,0,0
1,22,51,10,0,0
1,21.6,57,11,0,0
1,20.3,49,10,0,0
1,19.9,37,10,0,0
1,20,33,10,0,0
1,20.2,43,11,0,0
1,21.8,27,13,0,0
1,23.4,22,6,0,0
1,23.6,35,4,0,0
1,23.9,51,7,0,0
1,23.9,50,7,0,0
1,23.6,59,5,0,0
2,22.5,58,8,0,0
2,22.6,55,8,0,0
2,23.9,62,4,0,0
2,24.3,61,7,0,0
2,23.8,52,7,0,0
2,24.3,52,5,0,0
2,24.6,52,6,0,0
2,23.4,48,11,0,0
2,21.7,50,12,0,0
2,20.9,55,13,0,0
2,21.5,44,11,0,0
2,23,36,11,0,0
2,24.4,42,4,0,0
2,25.6,49,5,0,0
2,26.1,55,5,0,0
2,26.6,68,8,0,0
2,25.5,71,7,0,0
2,24.9,66,5,0,0
2,23.6,58,8,0,0
2,21.6,33,12,0,0
2,22.1,48,6,0,0
2,23.5,52,7,0,0
2,24,50,7,0,0
2,24.3,59,7,0,0
2,21.5,53,14,1,1
2,20.7,42,10,0,0
2,24.3,51,7,0,0
2,24.9,63,5,0,0
3,24.6,63,6,0,0
3,24,52,10,0,0
3,24.2,59,10,0,0
3,25.7,55,6,0,0
3,25.8,66,6,0,0
3,26.1,65,2,0,0
3,25.6,68,6,0,0
3,24.9,60,11,0,0
3,24.6,55,10,0,0
3,28,38,8,0,0
3,26,61,4,0,0
3,27.6,50,4,0,0
3,30.3,45,14,0,0
3,24.7,70,11,6.2,1
3,23.2,53,8,0,0
3,22.9,54,8,0,0
3,24.1,65,7,0,0
3,25,70,6,0,0
3,24.8,55,10,0,0
3,23.6,51,11,0,0
3,23.4,52,9,0,0
3,23.7,54,8,0,0
3,22.8,39,10,0,0
3,22.7,47,8,0,0
3,24.6,48,5,0,0
3,27,35,6,0,0
3,25.9,55,4,0,0
3,29.2,47,14,0,0
3,26.6,63,10,0,0
3,25,60,9,0,0
3,25.2,55,7,0,0
4,26.3,55,7,0,0
4,28.5,52,6,0,0
4,27.9,52,9,0,0
4,26.5,54,9,0,0
4,27.5,56,7,0,0
4,29.1,51,5,0,0
4,30.5,45,4,0,0
4,30.5,49,5,0,0
4,29,61,7,0,0
4,27.8,63,8,0,0
4,26.6,48,13,0,0
4,25.4,41,10,0,0
4,25.1,52,12,0,0
4,24.8,54,10,0,0
4,24.9,51,9,0,0
4,24.5,45,9,0,0
4,25.7,58,9,0,0
4,26.8,54,4,0,0
4,27.3,52,8,0,0
4,27.7,57,6,0,0
4,28.3,53,6,0,0
4,27.3,57,4,0,0
4,27.2,67,6,0,0
4,29.1,56,4,0,0
4,30,38,5,0,0
4,31,39,7,0,0
4,29.1,52,12,0,0
4,27.7,50,9,0,0
4,30.3,46,9,0,0
4,29.4,66,11,0,0
5,28.2,57,9,0,0
5,28.4,45,10,0,0
5,26.8,59,8,0,0
5,27.7,57,4,0,0
5,29.3,41,6,0,0
5,30.3,31,7,0,0
5,29.1,52,8,0,0
5,28.4,51,8,0,0
5,29.9,59,6,0,0
5,30.7,60,7,0,0
5,30.3,58,10,0,0
5,30.7,52,10,0,0
5,30.6,59,8,0,0
5,31.9,55,6,0,0
5,32.4,47,7,0,0
5,35.9,34,8,0,0
5,34.9,31,9,0,0
5,34.7,35,5,0,0
5,36,27,7,0,0
5,33.9,33,5,0,0
5,33.8,37,5,0,0
5,32.7,50,6,0,0
5,33.8,42,5,0,0
5,33.4,43,10,0,0
5,31.7,58,9,0,0
5,29.7,55,14,0,0
5,30,61,10,0,0
5,30.9,58,8,0,0
5,30.3,62,6,0,0
5,29.9,63,9,0,0
5,29.8,57,13,0,0
6,30.1,54,10,0,0
6,30.1,52,11,0,0
6,30.3,53,9,0,0
6,32.6,40,11,0,0
6,30.9,52,7,0,0
6,31.6,58,10,0,0
6,30,72,6,0,0
6,32.6,56,7,0,0
6,33.3,48,7,0,0
6,34.6,35,7,0,0
6,34,50,6,0,0
6,32,53,9,0,0
6,30.5,67,9,0,0
6,30.8,65,8,0,0
6,32.2,53,4,0,0
6,33.6,44,6,0,0
6,32.2,59,9,0,0
6,32.3,49,9,0,0
6,32.1,53,9,0,0
6,32,52,9,0,0
6,30,60,8,0,0
6,29.6,64,8,0,0
6,31.4,62,7,0,0
6,35.1,33,10,0,0
6,36,38,11,0,0
6,33.2,49,11,0,0
6,32.5,52,9,0,0
6,32.4,53,9,0,0
6,33.6,49,8,0,0
6,33.6,44,8,0,0
7,33.5,40,10,0,0
7,33.7,39,11,0,0
7,32.9,38,9,0,0
7,34.1,36,8,0,0
7,33.1,47,9,0,0
7,33.6,41,9,0,0
7,33.6,40,7,0,0
7,33.8,43,7,0,0
7,34,31,8,0,0
7,34.1,34,9,0,0
7,33.7,45,8,0,0
7,33.6,48,9,0,0
7,31.3,61,7,0,0
7,32.2,54,6,0,0
7,34.7,37,7,0,0
7,35.4,34,9,0,0
7,33.7,47,7,0,0
7,33.4,56,8,0,0
7,34,49,9,0,0
7,33,53,11,0,0
7,32.5,58,5,0,0
7,33.3,59,7,0,0
7,33.4,59,9,0,0
7,32.6,67,6,0,0
7,32.8,63,6,0,0
7,34.4,49,6,0,0
7,34,55,6,0,0
7,33.8,61,9,0,0
7,33.5,60,10,2,1
7,33.6,54,10,0,0
7,34.4,54,12,0,0
8,35.5,49,10,0,0
8,33.9,59,15,0,0
8,34,57,13,0,0
8,35.6,47,8,0,0
8,33.9,59,8,0,0
8,33.4,60,7,0,0
8,34,58,8,0,0
8,33.8,59,7,0,0
8,33.7,56,5,0,0
8,33.3,58,5,0,0
8,33.3,58,6,0,0
8,33.8,59,8,0,0
8,35.3,43,9,0,0
8,34.4,51,7,0,0
8,34.7,44,7,0,0
8,33.8,48,6,0,0
8,35.7,38,5,0,0
8,35.3,44,7,0,0
8,34.5,53,7,0,0
8,34,60,7,0,0
8,34.1,56,7,0,0
8,34.5,57,8,0,0
8,34.2,51,7,0,0
8,34.4,56,7,0,0
8,35.1,42,7,0,0
8,34.8,46,7,0,0
8,34.5,45,8,0,0
8,33.9,45,6,0,0
8,33.9,47,7,0,0
8,33.6,45,8,0,0
8,33.4,48,8,0,0
9,33.3,49,7,0,0
9,34.2,54,6,0,0
9,35.1,47,8,0,0
9,35.1,53,6,0.001,1
9,34.7,58,5,0,0
9,34.1,59,4,0,0
9,33.1,69,4,0,0
9,33.1,64,4,0,0
9,33.3,62,6,0,0
9,33.4,61,3,0,0
9,35.5,51,9,0,0
9,35.3,45,7,0,0
9,34.9,59,9,0,0
9,34.8,61,8,0,0
9,33.5,67,5,0,0
9,32.8,69,4,0,0
9,33.7,54,5,0,0
9,34.4,55,6,0,0
9,34.2,53,6,0,0
9,33.9,56,5,0,0
9,33.4,56,5,0,0
9,33.4,53,5,0,0
9,33.2,56,7,0,0
9,35.2,44,7,0,0
9,33.9,61,9,0,0
9,33.4,62,4,0,0
9,32.5,66,6,0,0
9,33.2,66,6,0,0
9,33.4,65,5,0,0
9,33.2,62,5,0,0
10,33.1,63,4,0,0
10,32.5,51,5,3.8,1
10,32.4,51,6,0,0
10,32.1,67,5,0,0
10,32,64,5,0,0
10,31.3,68,5,0,0
10,31.8,67,6,0,0
10,32.1,71,5,0,0
10,32.3,67,4,0,0
10,32,56,3,0,0
10,33,53,5,0,0
10,34.6,38,6,0,0
10,33.5,34,7,0,0
10,34.9,29,8,0,0
10,34.1,32,9,0,0
10,32.8,40,7,0,0
10,32.6,50,5,0,0
10,32.3,41,4,0,0
10,32.4,46,4,0,0
10,32.5,42,6,0,0
10,33.8,25,8,0,0
10,32.6,28,4,0,0
10,32,37,6,0,0
10,34.8,21,10,0,0
10,33.4,37,6,0,0
10,30.7,66,4,0,0
10,30.2,67,4,0,0
10,30.5,61,4,0,0
10,31.2,46,4,0,0
10,30.8,54,5,0,0
10,30.9,56,4,0,0
11,31.2,57,4,0,0
11,30.8,59,3,0,0
11,30.9,58,5,0,0
11,30.5,61,6,0,0
11,30.2,61,6,0,0
11,30.3,51,8,0,1
11,29.7,48,7,0,0
11,29.4,44,5,0.2,1
11,30.1,53,3,0,0
11,30.7,61,5,0,0
11,30.4,56,6,0,0
11,29.5,60,8,0,0
11,29.2,53,9,0,0
11,28.6,52,9,0,0
11,29.1,54,7,0,0
11,28.7,63,6,0,0
11,28.6,49,8,0,0
11,28.2,49,8,0,0
11,28.5,53,7,0,0
11,29.3,59,3,0,0
11,30.7,61,10,0,0
11,26.8,68,10,16,1
11,26.3,61,9,0,0
11,27.3,65,5,0,0
11,27.8,64,4,0,0
11,28.2,69,3,0,0
11,27,72,4,2.8,1
11,26.9,56,7,0,0
11,26.8,47,10,0,0
11,25.9,46,9,0,0
12,26.4,49,8,0,0
12,25.2,53,5,0,0
12,25.8,50,7,0,0
12,27.1,46,9,0,0
12,27.2,51,6,0,0
12,26.2,58,8,0,0
12,25.3,39,8,0,0
12,25,38,9,0,0
12,27.2,29,9,0,0
12,26.8,44,4,0,0
12,26.9,62,5,0,0
12,25.5,43,7,0,0
12,25.7,47,4,0,0
12,27.4,38,5,0,0
12,27,56,7,0,0
12,28.4,64,6,0,0
12,26,63,8,0,0
12,25,51,9,0,0
12,24.6,48,7,0,0
12,24.6,50,5,0,0
12,25.9,53,5,0,0
12,26.8,58,4,0,0
12,27.3,62,5,0,0
12,27.1,66,6,0,0
12,26.2,65,7,0,0
12,27,57,5,0,0
12,28.3,58,6,0,0
12,28.7,61,9,0,0
12,27.9,60,5,0,0
12,27.9,62,3,0,0
12,27.7,62,4,0,0
1,27.3,64,4,8,1
1,26.5,71,4,0,0
1,26.6,66,5,0,0
1,26.6,67,6,0,0
1,26.3,69,5,0,0
1,26.2,68,6,0,0
1,26.1,70,7,0,0
1,26.3,69,7,0,0
1,27.5,52,5,0,0
1,27.1,52,4,0,0
1,26.5,51,4,0,0
1,26.9,35,7,0,0
1,26.9,28,6,0,0
1,26.7,39,5,0,0
1,27.3,62,8,0,0
1,24,68,8,13.4,1
1,23.5,64,6,0,0
1,23.7,62,8,0,0
1,23.1,47,12,0,0
1,23.1,49,9,0,0
1,23.1,53,9,0,0
1,26.1,32,11,0,0
1,26.8,23,11,0,0
1,27.4,31,5,0,0
1,26.1,47,5,0,0
1,25.9,58,6,0,0
1,25.8,65,6,0,0
1,26.7,65,4,0,0
1,27.4,64,6,0,0
1,24.3,68,7,10.2,1
1,22,48,11,0,0
2,23.8,50,8,0,0
2,25.8,58,4,0,0
2,27.3,64,5,0,0
2,27,67,6,0,0
2,27.6,56,8,0,0
2,22.6,62,9,4,1
2,21.6,60,5,3,1
2,23.5,42,8,0,0
2,28,19,12,0,0
2,27.8,33,7,0,0
2,26.9,51,4,0,0
2,25.8,62,4,0,0
2,26.2,60,3,0,0
2,26.3,65,5,0,0
2,26.7,66,7,0,0
2,26.7,64,4,0,0
2,28.1,52,7,0,0
2,24.5,58,15,0,0
2,21.1,41,16,0,0
2,22,47,12,0,0
2,22.9,49,9,0,0
2,22.7,48,8,0,0
2,24.2,49,7,0,0
2,24.9,54,8,0,0
2,23,46,12,0,0
2,23.1,36,9,0,0
2,24.8,40,8,0,0
2,25.2,55,6,0,0
2,24.1,56,8,0,0
3,23.4,38,9,0,0
3,24.6,43,9,0,0
3,25.1,57,9,0,0
3,24.2,54,11,0,0
3,24,51,9,0,0
3,27.2,44,7,0,0
3,26.6,56,4,0,0
3,28.1,48,5,0,0
3,27.2,55,4,0,0
3,28.2,49,4,0,0
3,29.2,44,4,0,0
3,29.2,38,5,0,0
3,27.2,59,9,0,0
3,27.1,64,5,0,0
3,28.7,56,6,0,0
3,29.1,57,6,0,0
3,28.9,54,4,0,0
3,27.4,65,7,0,0
3,27,66,9,0,0
3,27.3,62,7,0,0
3,28,61,6,0,0
3,29.8,49,4,0,0
3,32.9,20,8,0,0
3,33.4,23,14,0,0
3,28.2,54,10,0,0
3,26.6,59,11,0,0
3,25.8,58,12,0,0
3,26.2,65,11,0,0
3,27.2,62,9,0,0
3,27,67,7,0,0
3,26.6,63,8,0,0
4,27.1,50,11,0,0
4,26.6,45,13,0,0
4,25.9,50,13,0,0
4,26.5,58,11,0,0
4,28.2,54,5,0,0
4,30.5,44,4,0,0
4,31.2,39,5,0,0
4,30.8,40,5,0,0
4,30.2,43,5,0,0
4,27.5,60,11,0,0
4,26.1,51,12,0,0
4,25.6,62,10,0,0
4,26.2,58,11,0,0
4,26.3,61,9,0,0
4,27.5,63,7,0,0
4,29.3,54,5,0,0
4,32,38,7,0,0
4,34.1,24,8,0,0
4,33.6,26,5,0,0
4,32.3,33,5,0,0
4,32.4,31,4,0,0
4,30.5,42,6,0,0
4,30.2,45,4,0,0
4,30.7,47,5,0,0
4,31.6,43,3,0,0
4,32.3,42,4,0,0
4,31.9,54,5,0,0
4,31.2,55,10,0,0
4,30.5,65,5,0,0
4,31.4,59,5,0,0
5,31.5,54,5,0,0
5,31,52,5,0,0
5,30.9,60,6,0,0
5,30,60,6,0,0
5,30.6,57,4,0,0
5,32.1,46,4,0,0
5,32.1,59,5,0,0
5,31.3,58,5,0,0
5,30.4,60,5,0,0
5,32.3,45,4,0,0
5,34.4,30,4,0,0
5,34.1,45,4,0,0
5,32.3,57,8,0,0
5,32,39,10,0,0
5,29.8,51,7,0,0
5,30.8,51,5,0,0
5,31.9,40,5,0,0
5,31,44,7,0,0
5,30.8,64,6,0,0
5,33.5,48,8,0,0
5,33.8,38,8,0,0
5,31.4,59,6,0,0
5,31,66,7,0,0
5,31.9,58,7,0,0
5,32.3,54,5,0,0
5,32.8,50,7,0,0
5,32.5,56,6,0,0
5,33.7,54,5,0,0
5,34.2,42,5,0,0
5,33,54,7,0,0
5,33.8,56,9,0,0
6,35.2,48,6,0,0
6,34,62,8,0,0
6,32.5,64,7,0,0
6,32,64,6,0,0
6,31.2,66,6,0,0
6,31,68,6,0,0
6,31.8,63,8,0,0
6,32.7,60,6,0,0
6,33.1,57,6,0,0
6,34.1,46,10,0,0
6,32.7,54,9,0,0
6,34.5,52,5,0,0
6,35.8,39,5,0,0
6,35.3,36,7,0,0
6,32,61,9,0,0
6,32.2,54,9,0,0
6,32.1,57,10,0,0
6,32.7,53,10,0,0
6,32.5,53,9,0,0
6,33.2,46,9,0,0
6,33.6,44,11,0,0
6,33.9,46,10,0,0
6,33.5,51,7,0,0
6,32.2,62,6,0,0
6,32,61,6,0,0
6,33.4,46,9,0,0
6,33.9,40,9,0,0
6,32.7,46,5,0,0
6,32.2,60,5,0,0
6,32.9,58,5,0,0
7,33.4,58,5,0,0
7,33.4,56,7,0,0
7,34.7,45,8,0,0
7,33,52,5,0,0
7,33.7,55,8,0,0
7,33.9,48,9,0,0
7,33.9,49,10,0,0
7,33.3,54,7,0,0
7,33.5,53,8,0,0
7,34.4,42,9,0,0
7,34.2,43,9,0,0
7,34.3,45,8,0,0
7,33.6,50,11,0,0
7,33,50,9,0,0
7,32.9,53,5,0,0
7,34.3,37,6,0,0
7,34,41,5,0,0
7,34.9,36,4,0,0
7,35.5,42,5,0,0
7,34.8,47,6,0,0
7,34.1,57,9,0,0
7,34.3,54,12,0,0
7,34.7,47,7,0,0
7,33.9,50,10,0,0
7,33.7,48,9,0,0
7,33.1,51,9,0,0
7,33.3,54,9,0,0
7,33.1,65,6,0,0
7,33.6,61,5,0,0
7,34.1,52,6,0,0
7,35.2,41,6,0,0
8,36.3,44,10,0,0
8,36.8,42,8,0,0
8,36.3,43,7,0,0
8,35.8,44,6,0,0
8,36.1,47,6,0,0
8,35.8,47,5,0,0
8,36.4,43,8,0,0
8,36,45,9,0,0
8,35.4,48,11,0,0
8,35.3,45,8,0,0
8,35.7,43,8,0,0
8,35.1,43,5,0,0
8,35,48,9,0,0
8,34.4,51,7,0,0
8,34.1,57,6,0,0
8,34.1,56,7,0,0
8,33,66,8,0,0
8,32.6,67,7,0,0
8,33.1,61,7,0,0
8,32.8,57,8,0,0
8,33.8,50,8,0,0
8,33.9,47,7,0,0
8,33.5,55,7,0,0
8,33.9,53,9,0,0
8,33.5,57,8,0,0
8,34.7,57,6,0,0
8,35.4,53,6,0,0
8,34,63,7,0,0
8,34.2,64,10,0,0
8,34,67,7,0,0
8,33.7,66,7,0,0
9,34.2,59,5,0,0
9,34,59,6,0,0
9,33.4,60,5,0,0
9,33.5,62,6,0,0
9,34.2,63,5,0,0
9,34.4,62,8,0,0
9,33.7,67,9,0,0
9,33.6,68,9,0,0
9,34.5,66,6,0,0
9,34.1,63,6,0,0
9,33.1,67,10,0,0
9,32.6,61,11,0,0
9,31.6,63,8,0,0
9,31.4,63,6,0,0
9,31.7,65,8,0,0
9,32.8,48,12,0,0
9,31.2,60,9,0,0
9,31.7,52,9,0,0
9,31.9,51,10,0,0
9,32,60,8,0,0
9,33.6,58,6,0,0
9,33.2,61,4,0,0
9,32.5,64,5,0,0
9,31.9,67,9,0,0
9,32.4,62,9,0,0
9,31.4,66,8,0,0
9,32.1,60,8,0,0
9,32.8,51,9,0,0
9,31.2,57,12,0,0
9,30.4,60,8,0,0
10,29.7,67,7,0,0
10,30.5,63,9,0,0
10,30.8,65,10,0,0
10,30.3,64,6,0,0
10,30.3,70,8,0,0
10,31.3,60,9,0,0
10,30.9,67,7,0,0
10,31.6,66,6,0,0
10,31.6,69,6,0,0
10,31.5,66,4,0,0
10,31.3,64,4,0,0
10,31.8,60,4,0,0
10,32.8,50,4,0,0
10,31.2,66,4,0,0
10,30.5,68,5,0,0
10,30.5,72,6,0,0
10,31.3,65,6,0,0
10,31.4,70,7,0,0
10,31,70,6,0,0
10,30.3,71,8,0,0
10,30.1,72,7,0,0
10,30.1,73,8,0,0
10,30,72,6,0,0
10,29.3,71,5,0,0
10,29,68,5,0,0
10,29.5,60,5,0,0
10,29.7,56,5,0,0
10,29.8,60,4,0,0
10,30.4,55,6,0,0
10,30.9,59,5,0,0
10,30.4,67,4,0,0
11,30.8,57,4,0,0
11,31,51,5,0,0
11,29.6,64,6,0,0
11,29,70,5,0,0
11,28.5,70,5,0,0
11,28.5,71,4,0,0
11,29.1,63,5,0,0
11,29.1,62,4,0,0
11,29,65,4,0,0
11,29.1,55,3,0,0
11,29.2,58,4,0,0
11,29.9,58,3,0,0
11,26.8,66,4,5,1
11,26.4,63,4,1.3,1
11,27.9,60,4,0,0
11,28.2,57,6,0,0
11,28.6,55,7,0,0
11,29.2,56,5,0,0
11,28,58,7,0,0
11,27.3,50,6,0,0
11,27.4,46,10,0,0
11,26.9,38,10,0,0
11,26.6,49,8,0,0
11,26.9,62,4,0,0
11,26.9,68,5,0,0
11,27.3,62,6,0,0
11,27.8,65,6,0,0
11,27.9,71,5,0,0
11,29.1,55,3,0,0
11,28.1,59,4,0,0
12,27.3,62,4,0,0
12,26.9,67,4,0,0
12,27,58,5,0,0
12,27.3,60,4,0,0
12,28,65,4,0,0
12,28.7,61,5,0,0
12,28.2,64,5,0,0
12,28.4,64,6,0,0
12,27,60,10,0,0
12,27.6,56,4,0,0
12,28.3,43,4,0,0
12,28.3,44,4,0,0
12,28.1,43,4,0,0
12,28.2,50,4,0,0
12,28.7,60,6,0,0
12,27.8,62,5,0,0
12,26.9,65,6,0,0
12,26.3,59,7,0,0
12,25.6,57,8,0,0
12,25,54,9,0,0
12,23.4,48,11,0,0
12,24.2,48,8,0,0
12,24.1,54,6,0,0
12,23.9,52,8,0,0
12,24.2,50,8,0,0
12,24.9,52,7,0,0
12,25.3,56,6,0,0
12,24,60,7,0.2,1
12,24.4,56,7,0.001,1
12,23.7,51,8,0,0
12,23.2,43,6,0,0
1,25.6,49,5,0,0
1,23.2,46,9,0,0
1,21.5,48,6,0,0
1,23.5,37,10,0,0
1,24.8,35,8,0,0
1,26,41,5,0,0
1,25.8,59,4,0,0
1,25,62,5,0,0
1,26.1,57,4,0,0
1,27.6,56,4,0,0
1,28.6,43,6,0.001,1
1,27.3,61,5,0,0
1,27.8,63,4,0,0
1,25.8,65,8,0.2,1
1,23.1,50,10,0,0
1,21.4,42,9,0,0
1,20.4,43,8,0,0
1,20.3,45,7,0,0
1,20.8,43,8,0,0
1,21,41,11,0,0
1,24.5,31,9,0,0
1,24.4,47,5,0,0
1,23.7,56,6,0,0
1,22.7,52,7,0,0
1,22.7,55,6,0,0
1,23,57,9,0,0
1,21.2,45,14,0,0
1,21.5,46,8,0,0
1,22.2,53,8,0,0
1,21.7,54,6,0,0
1,22.1,54,9,0,0
2,21.4,35,11,0,0
2,24.2,46,6,0,0
2,24.7,68,5,0,0
2,23.6,51,14,0,0
2,20.4,33,13,0,0
2,22.6,40,11,0,0
2,23.8,40,7,0,0
2,25.1,42,4,0,0
2,25.7,60,4,0,0
2,24.8,61,9,0,0
2,22.8,49,12,0,0
2,24,45,9,0,0
2,26.7,24,12,0,0
2,25.3,37,9,0,0
2,24.4,56,8,0,0
2,23.8,62,10,0,0
2,23.3,65,7,0,0
2,24.1,67,4,0,0
2,22.6,51,11,1,1
2,21,41,12,0,0
2,24.4,33,12,0,0
2,25,42,6,0,0
2,25.6,63,5,0,0
2,26.9,63,5,0,0
2,25,57,12,0,0
2,22.8,45,12,0,0
2,23.2,55,10,0,0
2,24.4,64,8,0,0
3,25.9,63,5,0,0
3,27.7,58,3,0,0
3,29.5,54,7,0,0
3,26.2,64,8,0,0
3,25.7,65,6,0,0
3,27.1,61,4,0,0
3,28.1,59,5,0,0
3,27.7,55,5,0,0
3,28.8,51,4,0,0
3,28.9,58,7,0,0
3,25.2,55,14,0,0
3,23.9,59,9,0,0
3,24.3,60,9,0,0
3,24.5,57,12,0,0
3,23.1,54,14,0,0
3,22.4,46,14,0,0
3,25.8,27,15,0,0
3,26.1,41,10,0,0
3,25.7,56,7,0,0
3,25.6,61,7,0,0
3,25,53,7,0,0
3,25.6,44,7,0,0
3,25.2,59,12,0,0
3,23.1,45,13,0,0
3,21.8,42,14,0,0
3,23.1,48,14,0,0
3,25.8,46,9,0,0
3,27.1,55,5,0,0
3,30.3,34,5,0,0
3,29.8,32,5,0,0
3,28.5,40,6,0,0
4,28.9,46,4,0,0
4,29.3,46,4,0,0
4,30.5,38,5,0,0
4,30.2,43,4,0,0
4,28.7,56,4,0,0
4,28.5,59,5,0,0
4,29.6,54,4,0,0
4,29.9,50,4,0,0
4,30.3,36,4,0,0
4,30.4,34,4,0,0
4,32.1,32,5,0,0
4,31.7,33,6,0,0
4,29.3,65,8,0,0
4,28.7,67,9,0,0
4,28.9,60,9,0,0
4,28.9,59,8,0,0
4,28.8,63,6,0,0
4,31.1,41,4,0,0
4,33.2,31,5,0,0
4,30.9,47,8,0,0
4,29.2,65,8,0,0
4,30.5,62,6,0,0
4,32.1,56,6,0.3,1
4,31.5,60,6,0,0
4,30.4,63,5,0,0
4,31.2,62,5,0,0
4,33.1,51,7,0,0
4,32.1,40,6,0,0
4,31.3,45,5,0,0
4,32.7,45,4,0,0
5,32.2,52,6,0,0
5,30.2,59,8,0,0
5,31,49,4,0,0
5,33.4,29,4,0,0
5,30.7,59,7,0,0
5,30,49,12,0,0
5,28.1,49,11,0,0
5,28.9,58,11,0,0
5,30.8,50,7,0,0
5,31.9,40,8,0,0
5,32.6,37,10,0,0
5,31.8,47,9,0,0
5,33.1,49,7,0,0
5,33.9,41,4,0,0
5,37.9,20,8,0,0
5,32.4,47,8,0,0
5,30.8,62,7,0,0
5,30.4,66,6,0,0
5,31.1,59,7,0,0
5,31.9,56,7,0,0
5,32.6,57,6,0,0
5,31.5,61,7,0,0
5,30.4,50,14,0,0
5,30,51,12,0,0
5,30.4,46,9,0,0
5,31.6,38,9,0,0
5,31.6,41,8,0,0
5,32.1,44,6,0,0
5,32.2,39,7,0,0
5,32.4,39,8,0,0
5,32.9,37,8,0,0
6,32.1,51,8,0,0
6,32.7,51,9,0,0
6,33.1,47,7,0,0
6,32.8,52,7,0,0
6,32.2,60,7,0,0
6,31.9,58,7,0,0
6,33,49,8,0,0
6,32.9,48,7,0,0
6,32.7,54,6,0,0
6,33.5,51,6,0,0
6,34,48,5,0,0
6,33.2,47,4,0,0
6,33.1,46,6,0,0
6,34.1,44,13,0,0
6,32.9,43,13,0,0
6,32.1,49,10,0,0
6,31.6,54,7,0,0
6,31.7,60,6,0,0
6,31.9,61,6,0,0
6,32.1,59,8,0.001,1
6,31.6,61,7,0,0
6,32.2,50,10,0,0
6,31.5,51,10,0,0
6,32.4,52,8,0,0
6,33.7,41,6,0,0
6,34.8,38,7,0,0
6,33.6,48,11,0,0
6,33.3,42,8,0,0
6,34.3,43,10,0,0
6,33.7,34,10,0,0
7,33.7,40,10,0,0
7,33.4,45,8,0,0
7,33.7,42,9,0,0
7,33.5,39,6,0,0
7,34.5,30,6,0,0
7,34.4,37,8,0,0
7,34.2,40,10,0,0
7,33.5,43,8,0,0
7,34.3,39,6,0,0
7,34.6,31,5,0,0
7,34.5,34,6,0,0
7,32.6,60,7,0,0
7,33.6,54,8,0,0
7,33.9,49,6,0,0
7,33.9,54,7,0,0
7,33.5,52,9,0,0
7,33.3,49,7,0,0
7,34,42,7,0,0
7,34.9,37,10,0,0
7,33.8,50,8,0,0
7,33.7,54,8,0,0
7,32.9,60,8,0,0
7,33,60,8,0,0
7,33.5,58,9,0,0
7,34.6,50,9,0,0
7,36.7,39,5,0,0
7,35.7,48,6,0,0
7,34.9,55,5,0,0
7,34.9,41,7,0,0
7,34.4,47,6,0,0
7,34,50,7,0,0
8,34.1,46,5,0,0
8,34.8,47,11,0,0
8,33.4,57,10,0,0
8,34.4,54,6,0,0
8,33.9,48,7,1,1
8,34.7,51,8,0,0
8,35.1,54,6,1.9,1
8,34.5,61,5,0,0
8,34,65,6,0.001,1
8,34.5,61,7,0,0
8,34.4,65,6,0,0
8,34.4,63,6,1,1
8,34.9,54,8,0.2,1
8,34.5,56,8,0,0
8,34.6,51,7,0,0
8,33.4,61,8,0,0
8,33.5,64,6,0,0
8,33.7,62,5,0,0
8,35,51,6,0,0
8,34.6,53,5,0,0
8,34.6,46,6,0,0
8,35.5,43,9,0,0
8,34.8,44,11,0,0
8,34.6,51,8,0,0
8,34.3,45,5,0,0
8,34.2,46,4,0,0
8,34,57,6,0,0
8,34.5,52,7,0,0
8,35.5,48,8,0,0
8,34.8,54,7,0,0
8,34.6,52,4,0,0
9,34.5,55,5,0,0
9,33.8,61,5,0,0
9,34,65,7,0,0
9,33.5,66,6,0,0
9,33.5,64,5,0,0
9,33.8,62,7,0,0
9,34.5,52,11,0,0
9,33.4,55,9,0,0
9,32.8,61,7,0,0
9,33,67,7,0,0
9,32.8,69,5,0,0
9,33.2,67,6,0,0
9,33.5,65,7,0,0
9,33.7,57,8,0,0
9,33.2,55,8,0,0
9,33.4,56,7,0,0
9,32.8,56,6,0,0
9,33,51,8,0,0
9,32.4,51,9,0,0
9,31.3,51,7,0,0
9,31.5,49,7,0,0
9,31.5,41,10,0,0
9,30.9,59,8,0,0
9,31.3,63,6,0,0
9,32.9,60,7,0,0
9,38,21,9,0,0
9,37,29,7,0,0
9,34.2,49,5,0,0
9,32,61,5,0,0
9,32.8,54,5,0,0
10,32.1,58,4,0,0
10,31.4,60,4,0,0
10,31.3,59,4,0,0
10,31.6,54,4,0,0
10,32.1,49,7,0,0
10,32.1,60,7,0,0
10,32.1,61,5,0,0
10,31.4,63,4,0,0
10,31.3,68,7,0,0
10,31,70,5,0,0
10,30.8,69,5,0,0
10,30.7,72,4,0,0
10,30.5,72,3,0,0
10,30.4,70,3,0,0
10,30.3,65,5,0,0
10,30.7,58,4,0,0
10,31.1,57,5,0,0
10,30.7,65,5,0,0
10,30.7,58,4,0,0
10,30.3,59,4,0,0
10,31.1,57,4,0,0
10,30.5,62,6,0,0
10,30.1,67,7,0,0
10,30.1,62,7,0,0
10,30.3,57,5,0,0
10,31,56,7,0,0
10,30.6,58,8,0,0
10,30.4,61,5,0,0
10,30.1,63,5,0,0
10,30.9,56,4,0,0
10,30.7,57,4,0,0
11,29.8,65,7,0,0
11,29.2,58,7,0,0
11,28.9,44,8,0,0
11,28.9,48,6,0,0
11,29,37,6,0,0
11,28.7,46,4,0,0
11,29,52,5,0,0
11,29,55,6,0,0
11,29,47,7,0,0
11,29.3,49,5,0,0
11,30.5,49,4,0,0
11,30.5,50,5,0,0
11,30,57,6,0,0
11,29.1,65,5,0,0
11,29.6,60,4,0,0
11,29.6,62,4,0,0
11,29.2,60,4,0,0
11,28.9,58,7,0,0
11,28.7,59,9,0,0
11,29.4,55,5,0,0
11,30.2,51,6,0,0
11,29.7,46,4,0,0
11,29.6,54,3,0,0
11,24.7,73,8,86.1,1
11,26.4,72,3,0,0
11,26.9,66,8,0,0
11,27.2,67,3,0,0
11,28.5,63,4,0,0
11,29.5,63,9,0,0
11,28.7,61,4,0,0
12,28.5,65,4,0,0
12,28.1,64,6,0,0
12,27.9,65,6,0,0
12,27.8,68,6,0,0
12,27.5,69,6,0,0
12,27,61,7,0,0
12,27.1,50,7,0,0
12,27.2,42,9,0,0
12,26.7,55,7,0,0
12,27.7,49,6,0,0
12,27.8,56,5,0.8,1
12,26.6,76,4,6.4,1
12,27,64,4,0,0
12,26.8,54,5,0,0
12,27,44,7,0,0
12,26.9,50,6,0,0
12,27.9,47,3,0,0
12,27.8,51,3,0,0
12,27.3,58,3,0,0
12,26.9,47,3,0,0
12,27.7,51,4,0,0
12,27,73,4,7.2,1
12,24.1,68,11,6.4,1
12,22.3,48,5,0,0
12,22.6,50,5,0,0
12,22.6,50,6,0,0
12,22.9,50,7,0,0
12,23.9,28,8,0,0
12,25.5,35,5,44,1
12,23.4,75,5,4,1
12,24.6,68,4,0,0
